START_DATE,END_DATE,CATEGORY,START,STOP,MILES,PURPOSE
2016-1-1 21:11,2016-1-1 21:17,Business,Fort Pierce,Fort Pierce,5.1,Meal/Entertain
2016-1-2 1:25,2016-1-2 1:37,Business,Fort Pierce,Fort Pierce,5,
2016-1-2 20:25,2016-1-2 20:38,Business,Fort Pierce,Fort Pierce,4.8,Errand/Supplies
2016-1-5 17:31,2016-1-5 17:45,Business,Fort Pierce,Fort Pierce,4.7,Meeting
2016-1-6 14:42,2016-1-6 15:49,Business,Fort Pierce,West Palm Beach,63.7,Customer Visit
2016-1-6 17:15,2016-1-6 17:19,Business,West Palm Beach,West Palm Beach,4.3,Meal/Entertain
2016-1-6 17:30,2016-1-6 17:35,Business,West Palm Beach,Palm Beach,7.1,Meeting
2016-1-7 13:27,2016-1-7 13:33,Business,Cary,Cary,0.8,Meeting
2016-1-10 8:05,2016-1-10 8:25,Business,Cary,Morrisville,8.3,Meeting
2016-1-10 12:17,2016-1-10 12:44,Business,Jamaica,New York,16.5,Customer Visit
2016-1-10 15:08,2016-1-10 15:51,Business,New York,Queens,10.8,Meeting
2016-1-10 18:18,2016-1-10 18:53,Business,Elmhurst,New York,7.5,Meeting
2016-1-10 19:12,2016-1-10 19:32,Business,Midtown,East Harlem,6.2,Meeting
2016-1-11 8:55,2016-1-11 9:21,Business,East Harlem,NoMad,6.4,Temporary Site
2016-1-11 11:56,2016-1-11 12:03,Business,Flatiron District,Midtown,1.6,Errand/Supplies
2016-1-11 13:32,2016-1-11 13:46,Business,Midtown,Midtown East,1.7,Meal/Entertain
2016-1-11 14:30,2016-1-11 14:43,Business,Midtown East,Midtown,1.9,Meal/Entertain
2016-1-12 12:33,2016-1-12 12:49,Business,Midtown,Hudson Square,1.9,Meal/Entertain
2016-1-12 12:53,2016-1-12 13:09,Business,Hudson Square,Lower Manhattan,4,Meal/Entertain
2016-1-12 14:42,2016-1-12 14:56,Business,Lower Manhattan,Hudson Square,1.8,Errand/Supplies
2016-1-12 15:13,2016-1-12 15:28,Business,Hudson Square,Hell's Kitchen,2.4,Customer Visit
2016-1-12 15:42,2016-1-12 15:54,Business,Hell's Kitchen,Midtown,2,Errand/Supplies
2016-1-12 16:02,2016-1-12 17:00,Business,New York,Queens County,15.1,Meeting
2016-1-13 13:54,2016-1-13 14:07,Business,Downtown,Gulfton,11.2,Meeting
2016-1-13 15:00,2016-1-13 15:28,Business,Gulfton,Downtown,11.8,Meeting
2016-1-14 16:29,2016-1-14 17:05,Business,Houston,Houston,21.9,Customer Visit
2016-1-14 21:39,2016-1-14 21:45,Business,Eagan Park,Jamestown Court,3.9,Errand/Supplies
2016-1-15 0:41,2016-1-15 1:01,Business,Morrisville,Cary,8,Errand/Supplies
2016-1-15 11:43,2016-1-15 12:03,Business,Cary,Durham,10.4,Meal/Entertain
2016-1-15 13:26,2016-1-15 13:44,Business,Durham,Cary,10.4,Meal/Entertain
2016-1-18 14:55,2016-1-18 15:06,Business,Cary,Cary,4.8,Meal/Entertain
2016-1-18 16:13,2016-1-18 16:24,Business,Farmington Woods,Whitebridge,4.7,Meal/Entertain
2016-1-19 9:09,2016-1-19 9:23,Business,Whitebridge,Lake Wellingborough,7.2,
2016-1-19 10:55,2016-1-19 11:09,Business,Lake Wellingborough,Whitebridge,7.6,Temporary Site
2016-1-20 10:36,2016-1-20 11:11,Business,Cary,Raleigh,17.1,Meeting
2016-1-20 11:48,2016-1-20 12:19,Business,Fayetteville Street,Umstead,15.1,Meeting
2016-1-20 13:25,2016-1-20 14:19,Business,Raleigh,Cary,40.2,Customer Visit
2016-1-21 14:25,2016-1-21 14:29,Business,Cary,Cary,1.6,Errand/Supplies
2016-1-21 14:43,2016-1-21 14:51,Business,Cary,Cary,2.4,Meal/Entertain
2016-1-21 16:01,2016-1-21 16:06,Business,Cary,Cary,1,Meal/Entertain
2016-1-26 10:41,2016-1-26 10:50,Business,Whitebridge,Hazelwood,2,Meal/Entertain
2016-1-26 12:33,2016-1-26 12:41,Business,Hazelwood,Whitebridge,2.3,Errand/Supplies
2016-1-26 16:24,2016-1-26 16:32,Business,Whitebridge,Westpark Place,1.9,Errand/Supplies
2016-1-26 17:17,2016-1-26 17:22,Business,Cary,Cary,1.4,Errand/Supplies
2016-1-26 17:27,2016-1-26 17:29,Business,Cary,Cary,0.5,Errand/Supplies
2016-1-27 9:24,2016-1-27 9:31,Business,Cary,Cary,1.8,Meeting
2016-1-27 10:19,2016-1-27 10:48,Business,Cary,Raleigh,18.7,Customer Visit
2016-1-27 12:34,2016-1-27 12:44,Business,Fairmont,Meredith Townes,3.4,Customer Visit
2016-1-27 14:05,2016-1-27 14:13,Business,Raleigh,Raleigh,2.7,Customer Visit
2016-1-27 14:46,2016-1-27 15:08,Business,Raleigh,Cary,12.9,Customer Visit
2016-1-28 12:28,2016-1-28 13:00,Business,Cary,Raleigh,19,Temporary Site
2016-1-28 15:11,2016-1-28 15:31,Business,Meredith Townes,Leesville Hollow,14.7,Meeting
2016-1-28 16:21,2016-1-28 16:51,Business,Raleigh,Cary,15.7,Meeting
2016-1-29 9:31,2016-1-29 9:45,Business,Cary,Cary,4.6,Customer Visit
2016-1-29 10:56,2016-1-29 11:07,Business,Cary,Cary,5.2,Meeting
2016-1-29 11:43,2016-1-29 12:03,Business,Cary,Durham,10.4,Meeting
2016-1-29 13:24,2016-1-29 13:47,Business,Durham,Cary,10.1,Meeting
2016-1-29 18:31,2016-1-29 18:52,Business,Cary,Apex,5.8,Errand/Supplies
2016-1-29 21:21,2016-1-29 21:40,Business,Apex,Cary,5.5,Meal/Entertain
2016-1-30 16:21,2016-1-30 16:33,Business,Cary,Apex,5.7,Errand/Supplies
2016-1-30 18:09,2016-1-30 18:24,Business,Apex,Cary,5.7,Customer Visit
2016-2-1 10:35,2016-2-1 11:15,Business,Cary,Chapel Hill,19.4,Customer Visit
2016-2-1 12:10,2016-2-1 12:43,Business,Chapel Hill,Cary,23.3,Customer Visit
2016-2-1 12:56,2016-2-1 13:07,Business,Northwoods,Whitebridge,3.9,Meal/Entertain
2016-2-2 13:04,2016-2-2 13:23,Business,Whitebridge,Williamsburg Manor,8.3,Meeting
2016-2-2 13:51,2016-2-2 14:06,Business,Cary,Cary,6,Errand/Supplies
2016-2-2 14:38,2016-2-2 14:42,Business,Cary,Cary,1.6,Errand/Supplies
2016-2-4 8:40,2016-2-4 9:01,Business,Cary,Morrisville,5.2,Errand/Supplies
2016-2-4 9:37,2016-2-4 10:09,Business,Morrisville,Cary,9.7,Meal/Entertain
2016-2-4 10:26,2016-2-4 10:32,Business,Cary,Cary,1.6,Meal/Entertain
2016-2-4 15:59,2016-2-4 16:03,Business,Cary,Cary,1.1,Meal/Entertain
2016-2-4 16:35,2016-2-4 16:39,Business,Cary,Cary,1.6,Meal/Entertain
2016-2-4 18:04,2016-2-4 18:31,Business,Whitebridge,Macgregor Downs,9,Meeting
2016-2-4 20:36,2016-2-4 20:55,Business,Cary,Cary,7.7,Meeting
2016-2-5 11:47,2016-2-5 12:07,Business,Cary,Durham,10.4,Meeting
2016-2-5 13:22,2016-2-5 13:41,Business,Durham,Cary,10.4,Meeting
2016-2-6 16:20,2016-2-6 16:53,Business,Cary,Raleigh,11.4,Between Offices
2016-2-6 18:57,2016-2-6 19:21,Business,Raleigh,Cary,9,Errand/Supplies
2016-2-6 19:28,2016-2-6 19:37,Business,Edgehill Farms,Whitebridge,3.2,Meal/Entertain
2016-2-7 16:49,2016-2-7 17:01,Business,Cary,Apex,5.6,Errand/Supplies
2016-2-7 18:03,2016-2-7 18:17,Business,Apex,Cary,5.7,Customer Visit
2016-2-7 18:39,2016-2-7 18:53,Business,Cary,Morrisville,6.1,Temporary Site
2016-2-7 20:22,2016-2-7 20:40,Business,Morrisville,Cary,6.1,Meeting
2016-2-8 12:57,2016-2-8 13:08,Business,Whitebridge,Edgehill Farms,4.3,Meal/Entertain
2016-2-8 14:00,2016-2-8 14:10,Business,Edgehill Farms,Whitebridge,2.7,Meal/Entertain
2016-2-9 10:54,2016-2-9 11:07,Personal,Whitebridge,Northwoods,5.3,
2016-2-9 11:43,2016-2-9 11:50,Personal,Northwoods,Tanglewood,3,
2016-2-9 13:36,2016-2-9 13:52,Personal,Tanglewood,Preston,5.1,
2016-2-9 13:58,2016-2-9 14:02,Personal,Preston,Whitebridge,1.5,
2016-2-9 18:55,2016-2-9 19:11,Business,Cary,Morrisville,6.1,
2016-2-9 20:24,2016-2-9 20:40,Business,Morrisville,Cary,6.1,Meal/Entertain
2016-2-11 16:28,2016-2-11 17:10,Business,Cary,Raleigh,17.3,Meal/Entertain
2016-2-11 17:49,2016-2-11 18:10,Business,Eastgate,Walnut Terrace,5.7,Meal/Entertain
2016-2-11 18:24,2016-2-11 18:46,Business,Raleigh,Morrisville,13.5,Temporary Site
2016-2-11 20:36,2016-2-11 20:51,Business,Morrisville,Cary,6.1,Temporary Site
2016-2-12 8:21,2016-2-12 8:42,Business,Cary,Durham,8.5,Temporary Site
2016-2-12 10:45,2016-2-12 10:52,Business,Durham,Morrisville,2.6,Temporary Site
2016-2-12 11:14,2016-2-12 11:35,Business,Morrisville,Raleigh,17,Customer Visit
2016-2-12 13:02,2016-2-12 13:36,Business,Raleigh,Cary,18,Meeting
2016-2-12 14:49,2016-2-12 15:06,Business,Cary,Morrisville,8.4,Meeting
2016-2-12 15:33,2016-2-12 16:06,Business,Morrisville,Cary,11.5,Customer Visit
2016-2-13 14:21,2016-2-13 14:41,Business,Cary,Morrisville,8.9,Meeting
2016-2-13 23:45,2016-2-14 0:01,Personal,East Elmhurst,Jackson Heights,2.7,
2016-2-14 0:50,2016-2-14 1:00,Personal,Jackson Heights,East Elmhurst,1.8,
2016-2-14 14:07,2016-2-14 14:40,Business,East Elmhurst,New York,8.1,Meeting
2016-2-14 14:46,2016-2-14 15:03,Business,Midtown,Midtown West,2,Meeting
2016-2-14 16:35,2016-2-14 17:02,Business,New York,Long Island City,13,Meeting
2016-2-14 17:06,2016-2-14 17:29,Business,Long Island City,Jamaica,13.9,Meeting
2016-2-16 3:21,2016-2-16 4:13,Business,Katunayaka,Unknown Location,43.7,Customer Visit
2016-2-16 8:29,2016-2-16 9:34,Business,Unknown Location,Colombo,14.1,
2016-2-16 10:31,2016-2-16 10:41,Business,Colombo,Colombo,2.6,
2016-2-16 11:32,2016-2-16 12:02,Business,Colombo,Colombo,4.5,
2016-2-16 12:39,2016-2-16 12:42,Business,Colombo,Colombo,1.7,
2016-2-16 13:43,2016-2-16 13:55,Business,Colombo,Colombo,1.8,Temporary Site
2016-2-16 16:34,2016-2-16 17:10,Business,Colombo,Colombo,6,
2016-2-16 17:17,2016-2-16 17:26,Business,Colombo,Nugegoda,1.1,Meal/Entertain
2016-2-16 17:40,2016-2-16 17:44,Business,Nugegoda,Unknown Location,3.6,Errand/Supplies
2016-2-17 13:18,2016-2-17 14:04,Business,Unknown Location,Colombo,14.7,Temporary Site
2016-2-17 15:17,2016-2-17 15:22,Business,Colombo,Colombo,1.7,Meal/Entertain
2016-2-17 15:33,2016-2-17 16:17,Business,Colombo,Katunayaka,21.4,Temporary Site
2016-2-17 16:38,2016-2-17 16:43,Business,Katunayaka,Katunayaka,0.5,Errand/Supplies
2016-2-18 8:19,2016-2-18 8:27,Business,Unknown Location,Unknown Location,23.5,Temporary Site
2016-2-18 14:03,2016-2-18 14:45,Business,Unknown Location,Islamabad,12.7,Temporary Site
2016-2-18 15:16,2016-2-18 15:31,Business,Islamabad,Unknown Location,6,Temporary Site
2016-2-18 18:44,2016-2-18 18:58,Business,Unknown Location,Islamabad,5.2,Customer Visit
2016-2-18 19:27,2016-2-18 20:08,Business,Islamabad,Unknown Location,10,Meeting
2016-2-19 9:02,2016-2-19 9:14,Business,Unknown Location,Unknown Location,18.3,Meeting
2016-2-19 9:21,2016-2-19 9:51,Business,Unknown Location,Unknown Location,11.2,Meeting
2016-2-19 10:21,2016-2-19 10:48,Business,Unknown Location,Islamabad,7.6,Meeting
2016-2-19 11:20,2016-2-19 11:26,Personal,Islamabad,Islamabad,1.5,
2016-2-19 11:45,2016-2-19 11:50,Personal,Islamabad,Islamabad,1,
2016-2-19 12:09,2016-2-19 12:27,Business,Islamabad,Unknown Location,7.3,Temporary Site
2016-2-19 16:26,2016-2-19 16:45,Business,Unknown Location,Islamabad,3.5,
2016-2-19 17:09,2016-2-19 17:20,Business,Islamabad,Islamabad,4.2,
2016-2-19 20:08,2016-2-19 20:30,Personal,Islamabad,Unknown Location,13.6,
2016-2-19 20:34,2016-2-19 20:51,Personal,Unknown Location,Unknown Location,2.5,
2016-2-20 7:59,2016-2-20 8:32,Personal,Unknown Location,Islamabad,14.4,
2016-2-20 10:48,2016-2-20 10:56,Personal,Islamabad,Islamabad,3,
2016-2-20 11:45,2016-2-20 11:53,Personal,Islamabad,Islamabad,1.5,
2016-2-20 12:41,2016-2-20 13:17,Business,Islamabad,R?walpindi,18.4,
2016-2-20 14:50,2016-2-20 15:54,Business,R?walpindi,R?walpindi,23.1,Meeting
2016-2-20 16:59,2016-2-20 17:54,Personal,R?walpindi,Unknown Location,16.5,
2016-2-20 18:00,2016-2-20 18:03,Business,Unknown Location,Unknown Location,3.2,Errand/Supplies
2016-2-20 19:28,2016-2-20 19:49,Business,Unknown Location,Unknown Location,7.7,Errand/Supplies
2016-2-21 9:07,2016-2-21 9:46,Business,Unknown Location,Islamabad,14.5,
2016-2-21 11:39,2016-2-21 11:43,Business,Unknown Location,Islamabad,2.4,Errand/Supplies
2016-2-21 11:47,2016-2-21 12:01,Business,Islamabad,Islamabad,4.6,Errand/Supplies
2016-2-21 12:13,2016-2-21 12:35,Business,Islamabad,Unknown Location,8.8,Meal/Entertain
2016-2-21 12:51,2016-2-21 13:12,Business,Unknown Location,Unknown Location,8.3,Temporary Site
2016-2-21 13:33,2016-2-21 14:30,Business,Unknown Location,Unknown Location,22.7,Temporary Site
2016-2-21 14:36,2016-2-21 15:03,Business,Unknown Location,Islamabad,13,Temporary Site
2016-2-21 15:14,2016-2-21 15:31,Business,Islamabad,Noorpur Shahan,8.1,Temporary Site
2016-2-21 15:36,2016-2-21 15:41,Business,Noorpur Shahan,Unknown Location,2.2,Meal/Entertain
2016-2-21 16:04,2016-2-21 16:32,Business,Unknown Location,Unknown Location,9.7,
2016-2-21 23:15,2016-2-21 23:52,Business,Unknown Location,R?walpindi,20,Meeting
2016-2-22 21:54,2016-2-22 22:09,Business,Morrisville,Cary,8.1,Customer Visit
2016-2-24 14:30,2016-2-24 14:35,Business,Whitebridge,Preston,1.5,
2016-2-24 15:19,2016-2-24 15:25,Business,Preston,Whitebridge,1.7,Errand/Supplies
2016-2-25 16:27,2016-2-25 16:35,Business,Whitebridge,Heritage Pines,3.1,Errand/Supplies
2016-2-25 16:47,2016-2-25 17:02,Business,Heritage Pines,Whitebridge,3.2,Errand/Supplies
2016-2-25 17:16,2016-2-25 17:36,Business,Whitebridge,Tanglewood,6,Meal/Entertain
2016-2-25 18:22,2016-2-25 18:39,Business,Tanglewood,Whitebridge,5.8,Meal/Entertain
2016-2-26 9:06,2016-2-26 9:29,Business,Whitebridge,Westpark Place,6.3,
2016-2-26 11:05,2016-2-26 11:11,Personal,Westpark Place,Whitebridge,1.7,
2016-2-26 11:35,2016-2-26 11:59,Business,Cary,Durham,10.6,Meeting
2016-2-26 13:01,2016-2-26 13:24,Business,Durham,Cary,9.9,Meeting
2016-2-26 14:38,2016-2-26 14:46,Personal,Whitebridge,Westpark Place,1.9,
2016-2-26 15:00,2016-2-26 15:18,Personal,Westpark Place,Hazelwood,4.2,
2016-2-26 17:01,2016-2-26 17:12,Personal,Hazelwood,Whitebridge,2,
2016-2-28 5:22,2016-2-28 5:38,Business,Whitebridge,Waverly Place,7.7,Meeting
2016-2-28 9:26,2016-2-28 9:42,Business,Waverly Place,Whitebridge,6.8,Meeting
2016-2-29 11:07,2016-2-29 11:14,Personal,Whitebridge,Westpark Place,2.1,
2016-2-29 11:30,2016-2-29 11:40,Business,Cary,Apex,3.8,Meeting
2016-2-29 12:36,2016-2-29 12:48,Business,Apex,Cary,5.6,Meeting
2016-2-29 14:55,2016-2-29 15:03,Business,Whitebridge,Hazelwood,2.6,
2016-2-29 16:40,2016-2-29 17:00,Business,Hazelwood,Whitebridge,6.6,Customer Visit
2016-3-1 18:47,2016-3-1 19:10,Business,Whitebridge,Wayne Ridge,8,Meal/Entertain
2016-3-1 21:27,2016-3-1 21:45,Business,Wayne Ridge,Whitebridge,8,Meeting
2016-3-3 9:45,2016-3-3 9:52,Personal,Whitebridge,Westpark Place,2.2,
2016-3-3 11:04,2016-3-3 11:10,Business,Westpark Place,Whitebridge,2.3,Errand/Supplies
2016-3-3 14:44,2016-3-3 14:58,Business,Whitebridge,Northwoods,5.2,Meal/Entertain
2016-3-3 15:27,2016-3-3 15:48,Business,Cary,Raleigh,7.6,Customer Visit
2016-3-3 16:02,2016-3-3 16:42,Business,Raleigh,Cary,17.3,Meeting
2016-3-4 7:47,2016-3-4 8:06,Business,Cary,Durham,9.9,Meeting
2016-3-4 9:46,2016-3-4 10:03,Business,Durham,Cary,9.9,Customer Visit
2016-3-4 11:46,2016-3-4 12:06,Business,Cary,Durham,10.4,Meeting
2016-3-4 13:03,2016-3-4 13:25,Business,Durham,Cary,10.9,Meeting
2016-3-4 13:40,2016-3-4 14:09,Business,Cary,Raleigh,15.7,Customer Visit
2016-3-4 15:56,2016-3-4 16:08,Business,Raleigh,Raleigh,4.9,Meal/Entertain
2016-3-4 16:16,2016-3-4 16:22,Business,Fayetteville Street,Depot Historic District,0.8,Errand/Supplies
2016-3-4 16:43,2016-3-4 17:12,Business,Raleigh,Cary,13.5,Meeting
2016-3-4 19:02,2016-3-4 19:08,Business,Cary,Morrisville,1.9,Temporary Site
2016-3-4 19:16,2016-3-4 19:25,Business,Morrisville,Cary,2,Meal/Entertain
2016-3-5 11:44,2016-3-5 11:59,Business,Cary,Morrisville,6.5,Meal/Entertain
2016-3-5 12:57,2016-3-5 13:12,Personal,Weston,Weston,4.2,
2016-3-5 14:08,2016-3-5 14:18,Personal,Morrisville,Cary,3.5,
2016-3-5 14:39,2016-3-5 15:01,Business,Whitebridge,Wayne Ridge,7.8,Meal/Entertain
2016-3-5 16:52,2016-3-5 17:13,Business,Cary,Morrisville,7.8,Meal/Entertain
2016-3-5 17:23,2016-3-5 17:34,Business,Morrisville,Cary,3.9,Meal/Entertain
2016-3-7 9:10,2016-3-7 9:20,Business,Whitebridge,Edgehill Farms,2.8,Errand/Supplies
2016-3-7 9:23,2016-3-7 9:47,Business,Cary,Raleigh,12.4,Customer Visit
2016-3-7 12:10,2016-3-7 12:26,Business,Fayetteville Street,Meredith Townes,5.9,Customer Visit
2016-3-7 13:57,2016-3-7 14:18,Business,Meredith Townes,Leesville Hollow,9.4,Meeting
2016-3-7 15:19,2016-3-7 15:45,Business,Raleigh,Cary,11.9,Between Offices
2016-3-8 14:38,2016-3-8 14:55,Business,Whitebridge,Waverly Place,7.2,Between Offices
2016-3-8 15:35,2016-3-8 16:00,Business,Waverly Place,Whitebridge,7.6,Meal/Entertain
2016-3-8 16:13,2016-3-8 16:25,Personal,Whitebridge,Whitebridge,1.6,
2016-3-10 3:36,2016-3-10 3:53,Business,Cary,Morrisville,8.4,Meeting
2016-3-10 10:08,2016-3-10 10:37,Business,East Austin,West University,12.8,Meeting
2016-3-10 14:39,2016-3-10 14:55,Business,West University,South Congress,2.3,
2016-3-10 16:18,2016-3-10 16:28,Business,South Congress,Arts District,1.6,
2016-3-11 9:47,2016-3-11 9:59,Business,The Drag,Congress Ave District,2,Meal/Entertain
2016-3-11 10:29,2016-3-11 10:36,Business,Congress Ave District,Downtown,0.8,
2016-3-11 11:57,2016-3-11 12:04,Business,Downtown,Red River District,1.2,
2016-3-11 13:43,2016-3-11 13:51,Business,Red River District,Downtown,1,
2016-3-11 19:21,2016-3-11 19:35,Business,South Congress,The Drag,2.1,
2016-3-12 9:13,2016-3-12 9:22,Business,The Drag,South Congress,2.2,
2016-3-12 18:27,2016-3-12 18:37,Personal,South Congress,The Drag,1.9,
2016-3-13 9:07,2016-3-13 9:37,Business,The Drag,Convention Center District,5.7,Meal/Entertain
2016-3-13 18:23,2016-3-13 18:43,Business,South Congress,North Austin,8.4,Meal/Entertain
2016-3-13 20:07,2016-3-13 20:28,Business,Georgian Acres,The Drag,6.2,Meal/Entertain
2016-3-13 20:39,2016-3-13 20:58,Business,The Drag,North Austin,10.5,Meal/Entertain
2016-3-13 21:11,2016-3-13 21:23,Business,North Austin,Coxville,7.2,Meal/Entertain
2016-3-13 22:19,2016-3-13 22:39,Business,Coxville,The Drag,12.5,
2016-3-14 8:34,2016-3-14 8:49,Business,The Drag,South Congress,2,Errand/Supplies
2016-3-14 18:39,2016-3-14 18:55,Business,South Congress,The Drag,2.7,
2016-3-15 8:45,2016-3-15 8:57,Business,The Drag,Convention Center District,2,Meal/Entertain
2016-3-15 20:48,2016-3-15 21:01,Business,Downtown,The Drag,2.8,Meal/Entertain
2016-3-16 11:34,2016-3-16 11:45,Business,The Drag,Congress Ave District,1.7,Meal/Entertain
2016-3-16 14:44,2016-3-16 14:55,Business,Convention Center District,West University,2,
2016-3-16 18:43,2016-3-16 18:56,Business,West University,Congress Ave District,2.1,Meal/Entertain
2016-3-17 0:33,2016-3-17 0:44,Personal,Downtown,The Drag,1.7,
2016-3-17 12:52,2016-3-17 15:11,Business,Austin,Katy,136,Customer Visit
2016-3-17 15:16,2016-3-17 15:58,Business,Katy,Houston,30.2,Meeting
2016-3-17 17:20,2016-3-17 18:02,Business,Midtown,Alief,15.5,Meal/Entertain
2016-3-17 18:47,2016-3-17 19:09,Personal,Houston,Houston,4.9,
2016-3-17 20:57,2016-3-17 21:28,Personal,Houston,Houston,12.6,
2016-3-17 21:48,2016-3-17 22:04,Personal,Sharpstown,Midtown,10.4,
2016-3-18 7:15,2016-3-18 7:21,Business,Midtown,Midtown,1.1,Meal/Entertain
2016-3-18 8:35,2016-3-18 8:43,Business,Midtown,Midtown,1.1,Meal/Entertain
2016-3-18 18:24,2016-3-18 19:08,Business,Midtown,Sharpstown,13.2,Meeting
2016-3-18 19:23,2016-3-18 19:29,Business,Sharpstown,Sharpstown,1,Errand/Supplies
2016-3-18 21:01,2016-3-18 21:15,Business,Sharpstown,Midtown,9.2,Customer Visit
2016-3-19 9:10,2016-3-19 9:25,Business,Midtown,Sharpstown,9.4,Meal/Entertain
2016-3-19 12:50,2016-3-19 13:13,Business,Houston,Sugar Land,12,Customer Visit
2016-3-19 14:01,2016-3-19 14:57,Business,Sugar Land,Houston,35.1,Customer Visit
2016-3-19 15:34,2016-3-19 16:38,Business,Houston,Galveston,36.5,Meal/Entertain
2016-3-19 17:17,2016-3-19 17:32,Business,Galveston,Port Bolivar,3.1,Meal/Entertain
2016-3-19 17:37,2016-3-19 17:47,Business,Port Bolivar,Port Bolivar,2.1,Errand/Supplies
2016-3-19 17:52,2016-3-19 18:00,Business,Port Bolivar,Port Bolivar,1.2,
2016-3-19 18:53,2016-3-19 19:29,Business,Port Bolivar,Galveston,7.5,Meeting
2016-3-19 19:33,2016-3-19 20:39,Business,Galveston,Houston,57,Customer Visit
2016-3-20 7:37,2016-3-20 7:48,Business,Midtown,Washington Avenue,5.9,Meeting
2016-3-20 11:42,2016-3-20 11:56,Business,Washington Avenue,Midtown,6.2,Meeting
2016-3-20 17:08,2016-3-20 17:34,Business,Midtown,Sharpstown,10.4,
2016-3-20 18:34,2016-3-20 18:40,Personal,Sharpstown,Briar Meadow,1.2,
2016-3-20 18:45,2016-3-20 19:06,Business,Briar Meadow,Midtown,9.6,Customer Visit
2016-3-21 10:21,2016-3-21 10:26,Personal,Midtown,Downtown,1,
2016-3-21 16:05,2016-3-21 16:13,Business,Downtown,Midtown,0.9,Meal/Entertain
2016-3-21 18:59,2016-3-21 19:15,Business,Midtown,Sharpstown,8.8,
2016-3-21 20:18,2016-3-21 20:55,Business,Sharpstown,Midtown,25.6,Meal/Entertain
2016-3-22 6:17,2016-3-22 6:43,Business,Midtown,Greater Greenspoint,23,Meal/Entertain
2016-3-22 12:06,2016-3-22 12:24,Personal,Morrisville,Cary,8.1,
2016-3-22 19:12,2016-3-22 19:25,Personal,Whitebridge,Whitebridge,1.4,
2016-3-23 14:37,2016-3-23 14:42,Personal,Whitebridge,Preston,1.7,
2016-3-23 14:53,2016-3-23 14:59,Personal,Preston,Whitebridge,1.6,
2016-3-24 19:47,2016-3-24 19:54,Personal,Whitebridge,Westpark Place,2,
2016-3-24 20:34,2016-3-24 20:40,Business,Westpark Place,Whitebridge,2.2,
2016-3-25 13:24,2016-3-25 16:22,Business,Cary,Latta,144,Customer Visit
2016-3-25 16:52,2016-3-25 22:22,Business,Latta,Jacksonville,310.3,Customer Visit
2016-3-25 22:54,2016-3-26 1:39,Business,Jacksonville,Kissimmee,201,Meeting
2016-3-26 14:05,2016-3-26 14:29,Personal,Couples Glen,Isles of Buena Vista,6.7,
2016-3-26 15:19,2016-3-26 15:49,Personal,Kissimmee,Orlando,8.8,
2016-3-26 16:26,2016-3-26 16:30,Personal,Lake Reams,Lake Reams,1.2,
2016-3-27 0:31,2016-3-27 0:40,Business,Lake Reams,Lake Reams,2.1,Errand/Supplies
2016-3-27 1:11,2016-3-27 1:23,Business,Orlando,Kissimmee,6.6,Meal/Entertain
2016-3-27 15:31,2016-3-27 15:56,Business,Kissimmee,Orlando,6.1,Customer Visit
2016-3-27 21:26,2016-3-27 21:41,Personal,Orlando,Orlando,6.9,
2016-3-27 23:04,2016-3-27 23:18,Personal,Orlando,Kissimmee,7.3,
2016-3-28 12:29,2016-3-28 12:42,Personal,Kissimmee,Orlando,3.6,
2016-3-28 19:30,2016-3-28 20:23,Personal,Couples Glen,Vista East,27.2,
2016-3-28 22:55,2016-3-28 23:26,Personal,Orlando,Kissimmee,25.7,
2016-3-29 15:27,2016-3-29 16:11,Personal,Kissimmee,Orlando,13.6,
2016-3-29 18:20,2016-3-29 18:39,Personal,Sand Lake Commons,Sky Lake,6.2,
2016-3-29 20:29,2016-3-29 20:44,Personal,Sky Lake,Sand Lake Commons,6,
2016-3-29 23:04,2016-3-29 23:21,Personal,Orlando,Kissimmee,13.8,
2016-3-30 22:05,2016-3-30 22:55,Business,Orlando,Kissimmee,28.8,Meal/Entertain
2016-3-31 12:47,2016-3-31 13:22,Business,Kissimmee,Orlando,16.1,Temporary Site
2016-3-31 14:37,2016-3-31 15:09,Business,Orlando,Kissimmee,16.4,Meal/Entertain
2016-4-1 13:43,2016-4-1 14:01,Business,Kissimmee,Kissimmee,11,Meeting
2016-4-1 14:36,2016-4-1 15:24,Business,Kissimmee,Orlando,15.5,Customer Visit
2016-4-1 16:01,2016-4-1 16:49,Business,Orlando,Kissimmee,20.3,Meeting
2016-4-1 16:52,2016-4-1 16:57,Personal,Kissimmee,Kissimmee,0.7,
2016-4-2 8:48,2016-4-2 9:04,Personal,Kissimmee,Kissimmee,5.5,
2016-4-2 11:01,2016-4-2 11:16,Personal,Kissimmee,Kissimmee,5.1,
2016-4-2 12:21,2016-4-2 14:47,Business,Kissimmee,Daytona Beach,77.3,Customer Visit
2016-4-2 16:57,2016-4-2 18:09,Business,Daytona Beach,Jacksonville,80.5,Customer Visit
2016-4-2 19:38,2016-4-2 22:36,Business,Jacksonville,Ridgeland,174.2,Customer Visit
2016-4-2 23:11,2016-4-3 1:34,Business,Ridgeland,Florence,144,Meeting
2016-4-3 2:00,2016-4-3 4:16,Business,Florence,Cary,159.3,Meeting
2016-4-5 21:39,2016-4-5 21:55,Business,Whitebridge,Wayne Ridge,7.9,Meal/Entertain
2016-4-6 0:19,2016-4-6 0:39,Business,Wayne Ridge,Whitebridge,8,Meal/Entertain
2016-4-7 18:20,2016-4-7 18:39,Business,Cary,Morrisville,6.1,Meal/Entertain
2016-4-7 19:45,2016-4-7 20:00,Business,Morrisville,Cary,6.1,Errand/Supplies
2016-4-8 12:30,2016-4-8 12:48,Business,Cary,Durham,10.5,Meeting
2016-4-8 13:34,2016-4-8 13:51,Business,Durham,Cary,8.7,Meal/Entertain
2016-4-8 13:55,2016-4-8 14:03,Business,Westpark Place,Whitebridge,1.8,Errand/Supplies
2016-4-8 14:43,2016-4-8 15:20,Business,Cary,Raleigh,19.1,Meeting
2016-4-8 16:05,2016-4-8 16:47,Business,Raleigh,Cary,18.6,Meeting
2016-4-12 9:15,2016-4-12 9:26,Business,Whitebridge,Edgehill Farms,2.8,Errand/Supplies
2016-4-12 9:34,2016-4-12 9:53,Business,Cary,Raleigh,8.9,Meeting
2016-4-12 10:58,2016-4-12 11:18,Business,Meredith,Cedar Hill,7.5,Customer Visit
2016-4-12 12:22,2016-4-12 12:44,Business,Raleigh,Morrisville,15.9,Meeting
2016-4-12 13:42,2016-4-12 14:01,Business,Morrisville,Cary,6.5,Meal/Entertain
2016-4-14 7:29,2016-4-14 8:09,Business,Cary,Holly Springs,15.3,Temporary Site
2016-4-14 16:00,2016-4-14 16:43,Business,Holly Springs,Cary,13.7,Temporary Site
2016-4-15 11:36,2016-4-15 12:07,Business,Cary,Raleigh,11.9,Temporary Site
2016-4-15 12:29,2016-4-15 12:32,Business,Meredith Townes,Harden Place,1.4,Errand/Supplies
2016-4-15 14:31,2016-4-15 15:01,Business,Raleigh,Cary,15.2,Meeting
2016-4-16 12:59,2016-4-16 13:17,Business,Cary,Morrisville,6,Errand/Supplies
2016-4-16 15:10,2016-4-16 15:26,Business,Morrisville,Cary,6.1,Meal/Entertain
2016-4-19 17:44,2016-4-19 18:08,Business,Whitebridge,Wayne Ridge,8.2,Meal/Entertain
2016-4-19 19:57,2016-4-19 20:19,Business,Wayne Ridge,Whitebridge,8,Meal/Entertain
2016-4-22 8:25,2016-4-22 9:04,Business,Cary,Raleigh,13.6,Meeting
2016-4-22 10:10,2016-4-22 10:40,Business,Raleigh,Cary,22.5,Meeting
2016-4-22 12:08,2016-4-22 12:28,Business,Cary,Durham,10.4,Meeting
2016-4-22 13:02,2016-4-22 13:26,Business,Durham,Cary,10,Meeting
2016-4-23 17:03,2016-4-23 17:16,Business,Whitebridge,Tanglewood,6,Meal/Entertain
2016-4-23 18:49,2016-4-23 19:05,Business,Tanglewood,Whitebridge,6.5,Meal/Entertain
2016-4-24 19:07,2016-4-24 19:16,Business,Cary,Morrisville,3.1,Errand/Supplies
2016-4-24 19:46,2016-4-24 19:52,Business,Chessington,Chessington,1.9,Errand/Supplies
2016-4-24 21:41,2016-4-24 21:50,Business,Morrisville,Cary,4.2,Between Offices
2016-4-27 13:30,2016-4-27 13:40,Business,Whitebridge,Burtrose,4.9,Between Offices
2016-4-27 14:13,2016-4-27 14:25,Business,Burtrose,Whitebridge,4.8,Between Offices
2016-4-28 12:09,2016-4-28 12:34,Business,Cary,Raleigh,12.4,Customer Visit
2016-4-28 13:30,2016-4-28 13:49,Business,Raleigh,Cary,32.8,Customer Visit
2016-4-28 22:10,2016-4-28 22:28,Business,Morrisville,Cary,5.5,Customer Visit
2016-4-29 11:44,2016-4-29 12:01,Business,Cary,Durham,9.9,Meeting
2016-4-29 13:13,2016-4-29 13:34,Business,Durham,Cary,10,Meeting
2016-4-29 18:46,2016-4-29 19:18,Business,Cary,Durham,14.2,Customer Visit
2016-4-29 22:44,2016-4-29 23:19,Business,Durham,Cary,18.2,Meeting
2016-4-30 18:42,2016-4-30 18:57,Business,Whitebridge,Waverly Place,7.7,Meal/Entertain
2016-4-30 22:16,2016-4-30 22:34,Business,Waverly Place,Whitebridge,6.8,
2016-5-1 13:45,2016-5-1 13:53,Business,Whitebridge,Westpark Place,2.1,Meal/Entertain
2016-5-1 14:26,2016-5-1 14:31,Business,Westpark Place,Whitebridge,2.3,
2016-5-1 17:33,2016-5-1 17:45,Business,Whitebridge,Tanglewood,6.2,Between Offices
2016-5-1 17:54,2016-5-1 18:10,Business,Tanglewood,Parkway,7.5,Meeting
2016-5-1 22:38,2016-5-1 22:49,Business,Parkway,Whitebridge,3.1,Errand/Supplies
2016-5-2 14:14,2016-5-2 14:21,Business,Whitebridge,Westpark Place,2.2,Errand/Supplies
2016-5-2 15:37,2016-5-2 15:48,Business,Westpark Place,Whitebridge,3.9,Meal/Entertain
2016-5-3 22:20,2016-5-3 22:28,Business,Morrisville,Cary,2.5,Meal/Entertain
2016-5-4 15:16,2016-5-4 15:37,Business,Cary,Morrisville,8.7,Meal/Entertain
2016-5-4 20:55,2016-5-4 21:14,Business,Mcvan,Capitol One,14.5,Errand/Supplies
2016-5-4 21:30,2016-5-4 21:36,Business,Capitol One,University District,4.5,Meal/Entertain
2016-5-4 22:19,2016-5-4 22:27,Business,University District,Capitol One,5,Meal/Entertain
2016-5-5 21:24,2016-5-5 21:36,Business,Seattle,Redmond,14.2,Meal/Entertain
2016-5-5 22:34,2016-5-5 22:40,Business,Redmond,Bellevue,2.9,Errand/Supplies
2016-5-5 23:55,2016-5-6 0:08,Business,Bellevue,Seattle,12.9,Meeting
2016-5-6 5:47,2016-5-6 6:02,Business,Capitol One,Mcvan,14.4,Meeting
2016-5-6 16:45,2016-5-6 16:59,Business,Chapel Hill,Morrisville,17,Meeting
2016-5-6 17:18,2016-5-6 17:44,Business,Morrisville,Cary,7.9,Customer Visit
2016-5-9 6:08,2016-5-9 6:25,Business,Cary,Morrisville,8.4,Customer Visit
2016-5-9 14:39,2016-5-9 15:06,Business,San Francisco,Palo Alto,20.5,Between Offices
2016-5-9 17:58,2016-5-9 18:26,Business,Palo Alto,Sunnyvale,9.8,Customer Visit
2016-5-9 19:35,2016-5-9 19:59,Business,Sunnyvale,Newark,17.6,Customer Visit
2016-5-10 9:03,2016-5-10 9:20,Business,Newark,Menlo Park,9.3,Customer Visit
2016-5-10 17:19,2016-5-10 17:31,Business,Menlo Park,Newark,7.9,Customer Visit
2016-5-11 8:35,2016-5-11 9:12,Business,Newark,San Francisco,25.6,Meeting
2016-5-11 21:47,2016-5-11 22:04,Business,Morrisville,Cary,8.1,Meeting
2016-5-14 18:35,2016-5-14 18:39,Business,Cary,Morrisville,3.1,Meal/Entertain
2016-5-14 23:01,2016-5-14 23:05,Business,Morrisville,Cary,3.1,Meal/Entertain
2016-5-17 13:15,2016-5-17 13:23,Business,Whitebridge,Preston,2.8,Errand/Supplies
2016-5-17 13:56,2016-5-17 14:08,Business,Preston,Westpark Place,2.7,Errand/Supplies
2016-5-17 14:34,2016-5-17 14:40,Business,Westpark Place,Whitebridge,1.9,Errand/Supplies
2016-5-18 9:11,2016-5-18 9:41,Business,Cary,Morrisville,8.4,Customer Visit
2016-5-18 13:00,2016-5-18 13:02,Business,Morrisville,Raleigh,7.6,Customer Visit
2016-5-19 14:37,2016-5-19 15:01,Business,Old City,Parkway Museums,2.9,Meal/Entertain
2016-5-20 10:56,2016-5-20 11:07,Business,Old City,Hog Island,11.2,Meeting
2016-5-20 15:43,2016-5-20 16:12,Business,Morrisville,Cary,8.2,Meal/Entertain
2016-5-22 15:39,2016-5-22 15:46,Business,Cary,Morrisville,3,Meal/Entertain
2016-5-22 18:46,2016-5-22 18:53,Business,Morrisville,Cary,2.5,Meal/Entertain
2016-5-23 20:19,2016-5-23 20:27,Business,Whitebridge,Savon Height,3.6,Meal/Entertain
2016-5-23 21:09,2016-5-23 21:21,Business,Savon Height,Whitebridge,3.6,Errand/Supplies
2016-5-27 20:26,2016-5-27 20:30,Business,Whitebridge,Kildaire Farms,4.5,Errand/Supplies
2016-5-27 20:47,2016-5-27 20:53,Business,Savon Height,Kilarney Woods,1.2,
2016-5-27 22:11,2016-5-27 22:14,Business,Kilarney Woods,Kildaire Farms,1.7,Errand/Supplies
2016-5-28 0:15,2016-5-28 0:21,Business,Kilarney Woods,Whitebridge,4.7,Errand/Supplies
2016-5-28 12:52,2016-5-28 13:06,Business,Cary,Morrisville,6.1,Meal/Entertain
2016-5-28 14:35,2016-5-28 15:04,Business,Morrisville,Cary,11.3,Customer Visit
2016-5-31 13:54,2016-5-31 14:41,Business,Cary,Raleigh,14.9,Meeting
2016-5-31 16:02,2016-5-31 16:39,Business,Raleigh,Cary,14,Meeting
2016-5-31 17:50,2016-5-31 17:59,Business,Westpark Place,Whitebridge,1.8,
2016-6-1 10:19,2016-6-1 10:47,Business,Cary,Morrisville,6.7,Customer Visit
2016-6-1 13:10,2016-6-1 13:39,Business,Morrisville,Cary,9.6,Meeting
2016-6-3 11:29,2016-6-3 11:49,Business,Cary,Durham,10.4,Meeting
2016-6-3 13:08,2016-6-3 13:38,Business,Durham,Cary,9.9,Meeting
2016-6-3 15:31,2016-6-3 15:54,Business,Cary,Morrisville,6,Meal/Entertain
2016-6-3 18:14,2016-6-3 18:29,Business,Townes at Everett Crossing,Chessington,3.3,Errand/Supplies
2016-6-3 18:41,2016-6-3 18:53,Business,Morrisville,Cary,3.1,Errand/Supplies
2016-6-3 19:36,2016-6-3 19:42,Business,Huntington Woods,Weston,1.7,Errand/Supplies
2016-6-3 22:47,2016-6-3 23:06,Business,Morrisville,Cary,4,Between Offices
2016-6-5 14:03,2016-6-5 14:33,Business,Whitebridge,Savon Height,7.8,Customer Visit
2016-6-5 15:06,2016-6-5 15:22,Business,Cary,Morrisville,7.8,Customer Visit
2016-6-5 15:57,2016-6-5 16:08,Business,Weston,Weston,3.8,Meal/Entertain
2016-6-5 18:05,2016-6-5 18:14,Business,Morrisville,Cary,2.5,Meal/Entertain
2016-6-5 21:53,2016-6-5 22:05,Business,Cary,Durham,9.9,Meeting
2016-6-5 23:52,2016-6-6 0:08,Business,Durham,Cary,9.9,Meeting
2016-6-6 15:36,2016-6-6 15:45,Business,Whitebridge,Hazelwood,3,Errand/Supplies
2016-6-6 16:16,2016-6-6 16:24,Business,Hazelwood,Whitebridge,2.4,Errand/Supplies
2016-6-6 20:06,2016-6-6 20:20,Business,Cary,Apex,5.7,Meal/Entertain
2016-6-6 21:08,2016-6-6 21:37,Business,Apex,Cary,7.2,Meal/Entertain
2016-6-6 21:41,2016-6-6 22:00,Business,Cary,Durham,10.4,Meeting
2016-6-6 23:34,2016-6-6 23:48,Business,Durham,Cary,9.9,Meeting
2016-6-7 21:42,2016-6-7 22:00,Business,Cary,Durham,10.4,Meeting
2016-6-7 23:41,2016-6-8 0:04,Business,Durham,Cary,9.9,Meeting
2016-6-8 8:23,2016-6-8 8:53,Business,Cary,Morrisville,8.7,Meal/Entertain
2016-6-8 12:04,2016-6-8 13:01,Business,Jamaica,New York,22.3,Errand/Supplies
2016-6-8 13:12,2016-6-8 13:29,Business,Seaport,Gramercy-Flatiron,3.3,Meal/Entertain
2016-6-8 14:31,2016-6-8 14:37,Business,Medical Centre,Tudor City,0.7,Errand/Supplies
2016-6-8 16:55,2016-6-8 17:11,Business,Rose Hill,Soho,2.5,Meal/Entertain
2016-6-8 17:16,2016-6-8 17:18,Business,Soho,Tribeca,0.5,Errand/Supplies
2016-6-8 17:59,2016-6-8 18:05,Business,Tribeca,Financial District,0.9,Errand/Supplies
2016-6-8 20:11,2016-6-8 20:25,Business,Financial District,Kips Bay,4.8,Errand/Supplies
2016-6-10 15:19,2016-6-10 16:28,Business,New York,Jamaica,16.3,Meeting
2016-6-10 21:47,2016-6-10 22:04,Business,Cary,Durham,10.4,Meeting
2016-6-10 23:53,2016-6-11 0:01,Business,Durham,Cary,9.9,Meeting
2016-6-11 17:08,2016-6-11 17:16,Business,Cary,Morrisville,3.7,Errand/Supplies
2016-6-11 17:34,2016-6-11 17:39,Business,Morrisville,Cary,4.6,Meal/Entertain
2016-6-11 17:50,2016-6-11 17:56,Business,Westpark Place,Whitebridge,1.7,
2016-6-11 21:45,2016-6-11 22:04,Business,Cary,Durham,10.4,Meeting
2016-6-11 23:39,2016-6-12 0:05,Business,Durham,Cary,9.9,Meeting
2016-6-12 19:53,2016-6-12 19:56,Business,Cary,Morrisville,2.5,Meal/Entertain
2016-6-12 20:05,2016-6-12 20:16,Business,Morrisville,Cary,4.3,Errand/Supplies
2016-6-12 21:58,2016-6-12 22:19,Business,Parkway,Whitebridge,2.8,Errand/Supplies
2016-6-13 5:23,2016-6-13 5:42,Business,Cary,Morrisville,8.4,Meal/Entertain
2016-6-13 14:17,2016-6-13 14:46,Business,Oakland,Emeryville,13.2,Meeting
2016-6-13 18:08,2016-6-13 18:47,Business,Emeryville,Berkeley,3.9,Meal/Entertain
2016-6-13 18:54,2016-6-13 19:23,Business,Berkeley,Oakland,5.1,Meal/Entertain
2016-6-13 20:00,2016-6-13 20:05,Business,Oakland,Unknown Location,5.2,Customer Visit
2016-6-14 12:03,2016-6-14 12:21,Business,Emeryville,San Francisco,9.8,
2016-6-14 16:09,2016-6-14 16:39,Business,San Francisco,Emeryville,11.6,Meeting
2016-6-14 17:15,2016-6-14 17:24,Business,Emeryville,Oakland,5.1,Meeting
2016-6-14 17:27,2016-6-14 17:57,Business,Downtown,Bay Farm Island,9.3,Errand/Supplies
2016-6-15 1:46,2016-6-15 2:06,Business,Kenner,New Orleans,12.4,Between Offices
2016-6-15 15:26,2016-6-15 15:34,Business,CBD,Lower Garden District,1.9,Between Offices
2016-6-15 16:37,2016-6-15 17:02,Business,Lower Garden District,Lakeview,6.4,Customer Visit
2016-6-15 17:29,2016-6-15 17:49,Personal,Lakeview,Storyville,5.5,
2016-6-15 19:52,2016-6-15 19:58,Business,Storyville,Faubourg Marigny,1.5,Meal/Entertain
2016-6-16 13:36,2016-6-16 14:30,Business,New Orleans,Metairie,14.5,
2016-6-16 14:42,2016-6-16 14:46,Business,Metairie,Kenner,2.7,
2016-6-16 15:17,2016-6-16 15:41,Business,Kenner,New Orleans,15,
2016-6-16 19:39,2016-6-16 19:56,Business,New Orleans,Kenner,12.9,
2016-6-16 21:43,2016-6-16 21:56,Business,Kenner,New Orleans,13.6,
2016-6-17 16:11,2016-6-17 16:44,Business,New Orleans,Kenner,12.2,
2016-6-18 0:29,2016-6-18 0:51,Business,Morrisville,Cary,8.7,
2016-6-19 2:39,2016-6-19 2:50,Business,Cary,Raleigh,6,
2016-6-19 5:51,2016-6-19 6:00,Business,Raleigh,Cary,5.9,
2016-6-21 15:39,2016-6-21 16:08,Business,Cary,Raleigh,19.3,
2016-6-21 17:11,2016-6-21 18:02,Business,Raleigh,Cary,16.6,Meal/Entertain
2016-6-24 10:41,2016-6-24 10:57,Business,Whitebridge,Waverly Place,7.1,Meal/Entertain
2016-6-24 11:54,2016-6-24 12:01,Business,Waverly Place,Macgregor Downs,2.1,Meal/Entertain
2016-6-24 12:19,2016-6-24 12:37,Business,Cary,Raleigh,8.6,Errand/Supplies
2016-6-24 12:50,2016-6-24 13:12,Business,Raleigh,Morrisville,9,Errand/Supplies
2016-6-24 13:18,2016-6-24 13:27,Business,Morrisville,Cary,3.1,Errand/Supplies
2016-6-24 14:01,2016-6-24 14:20,Business,Cary,Morrisville,8.4,Temporary Site
2016-6-24 20:44,2016-6-24 21:02,Business,Kenner,New Orleans,12.8,
2016-6-25 9:03,2016-6-25 9:12,Business,CBD,Bywater,4.5,
2016-6-25 9:15,2016-6-25 10:08,Business,New Orleans,Chalmette,11.8,Between Offices
2016-6-25 10:18,2016-6-25 10:25,Business,Chalmette,Arabi,1.1,Errand/Supplies
2016-6-25 10:50,2016-6-25 11:18,Business,Arabi,Metairie,17,Meal/Entertain
2016-6-25 11:25,2016-6-25 11:34,Business,Pontchartrain Shores,Pontchartrain Shores,1.7,Meeting
2016-6-25 11:53,2016-6-25 13:21,Business,Metairie,New Orleans,15.5,Meeting
2016-6-25 19:47,2016-6-25 19:58,Business,Storyville,Marigny,1.6,
2016-6-25 23:19,2016-6-25 23:26,Business,Marigny,Storyville,1.5,
2016-6-26 17:43,2016-6-26 18:18,Business,New Orleans,Kenner,12.6,Meeting
2016-6-26 18:45,2016-6-26 19:12,Business,Pontchartrain Shores,Pontchartrain Shores,4.8,
2016-6-26 19:41,2016-6-26 19:50,Business,Kenner,Kenner,2.2,
2016-6-26 21:14,2016-6-26 21:42,Business,Kenner,New Orleans,13,
2016-6-27 7:37,2016-6-27 8:48,Business,New Orleans,Covington,46.9,
2016-6-27 8:51,2016-6-27 9:00,Business,Covington,Covington,2.5,
2016-6-27 9:05,2016-6-27 9:33,Business,Covington,Covington,8.6,
2016-6-27 9:43,2016-6-27 10:08,Business,Covington,Covington,5.2,
2016-6-27 10:22,2016-6-27 10:39,Business,Covington,Covington,7.6,
2016-6-27 10:51,2016-6-27 10:58,Business,Covington,Covington,1.8,
2016-6-27 11:06,2016-6-27 11:24,Business,Covington,Mandeville,4.7,
2016-6-27 11:30,2016-6-27 11:42,Business,Mandeville,Mandeville,2.8,
2016-6-27 12:22,2016-6-27 13:02,Business,Mandeville,Metairie,30,
2016-6-27 13:56,2016-6-27 14:05,Business,Metairie,Kenner,4.4,
2016-6-27 21:09,2016-6-27 21:19,Business,Jamestown Court,Jamestown Court,1,
2016-6-28 0:48,2016-6-28 1:05,Business,Morrisville,Cary,8.2,Customer Visit
2016-6-28 20:13,2016-6-28 20:33,Business,Cary,Durham,10.4,Meeting
2016-6-28 23:34,2016-6-28 23:59,Business,Durham,Cary,9.9,Meeting
2016-6-28 23:34,2016-6-28 23:59,Business,Durham,Cary,9.9,Meeting
2016-6-29 8:56,2016-6-29 9:24,Business,Cary,Morrisville,7.3,
2016-6-29 10:22,2016-6-29 10:38,Business,Morrisville,Cary,7.4,
2016-6-29 11:49,2016-6-29 11:51,Business,Whitebridge,Westpark Place,1.6,
2016-6-29 12:11,2016-6-29 12:16,Business,Westpark Place,Whitebridge,1.8,
2016-6-29 20:11,2016-6-29 20:29,Business,Cary,Durham,10.4,Meeting
2016-6-29 23:38,2016-6-30 0:00,Business,Durham,Cary,9.9,Meeting
2016-6-30 20:09,2016-6-30 20:26,Business,Cary,Durham,9.9,Meeting
2016-7-1 0:00,2016-7-1 0:25,Business,Durham,Cary,9.9,Meeting
2016-7-1 9:34,2016-7-1 9:57,Business,Cary,Raleigh,13.3,Meeting
2016-7-1 12:36,2016-7-1 13:00,Business,Raleigh,Cary,11.3,Meeting
2016-7-1 20:06,2016-7-1 20:24,Business,Cary,Durham,10.5,Meeting
2016-7-1 23:48,2016-7-2 0:09,Business,Durham,Cary,9.9,Meeting
2016-7-2 20:18,2016-7-2 20:36,Business,Cary,Durham,10.1,Meeting
2016-7-2 23:48,2016-7-3 0:12,Business,Durham,Cary,9.9,Meeting
2016-7-3 0:28,2016-7-3 0:38,Business,Cary,Morrisville,3.1,Errand/Supplies
2016-7-3 3:02,2016-7-3 3:08,Business,Morrisville,Cary,3.1,Errand/Supplies
2016-7-3 20:00,2016-7-3 20:18,Business,Cary,Durham,9.9,Meeting
2016-7-4 0:32,2016-7-4 0:47,Business,Durham,Cary,9.9,Meeting
2016-7-4 17:31,2016-7-4 17:49,Business,Whitebridge,Summerwinds,8.8,Meeting
2016-7-4 18:23,2016-7-4 18:49,Business,Summerwinds,Whitebridge,8.7,Temporary Site
2016-7-4 20:00,2016-7-4 20:17,Business,Cary,Durham,11.8,Meeting
2016-7-5 0:00,2016-7-5 0:05,Business,Parkwood,Parkwood,1.2,Errand/Supplies
2016-7-5 0:08,2016-7-5 0:28,Business,Durham,Cary,9.9,Meeting
2016-7-5 16:48,2016-7-5 16:52,Business,Whitebridge,Whitebridge,0.6,Errand/Supplies
2016-7-5 20:06,2016-7-5 20:26,Business,Cary,Durham,9.9,
2016-7-5 22:41,2016-7-5 23:02,Business,Durham,Morrisville,8.6,
2016-7-6 0:33,2016-7-6 0:53,Business,Morrisville,Cary,6.3,Meal/Entertain
2016-7-6 9:06,2016-7-6 9:25,Business,Cary,Durham,9.9,Meeting
2016-7-6 12:48,2016-7-6 13:08,Business,Durham,Cary,9.9,
2016-7-6 20:04,2016-7-6 20:14,Business,Cary,Morrisville,3.3,Meal/Entertain
2016-7-6 23:46,2016-7-6 23:59,Business,Morrisville,Cary,3.1,Customer Visit
2016-7-7 8:22,2016-7-7 8:50,Business,Cary,Morrisville,7.9,Temporary Site
2016-7-7 10:27,2016-7-7 10:33,Business,Morrisville,Cary,8.9,
2016-7-7 12:59,2016-7-7 13:35,Business,Kenner,New Orleans,12.8,
2016-7-8 9:50,2016-7-8 10:13,Business,CBD,Pontchartrain Beach,7.7,
2016-7-8 10:51,2016-7-8 11:12,Business,Pontchartrain Beach,CBD,7,
2016-7-8 13:48,2016-7-8 14:11,Business,New Orleans,Metairie,12.5,
2016-7-8 17:11,2016-7-8 17:30,Business,Kenner,New Orleans,13.2,
2016-7-9 9:03,2016-7-9 9:46,Business,New Orleans,Kenner,13,
2016-7-9 9:52,2016-7-9 10:06,Business,Kenner,Metairie,4.9,
2016-7-9 10:15,2016-7-9 10:33,Business,Metairie,New Orleans,8.5,
2016-7-10 14:10,2016-7-10 14:17,Business,CBD,St Thomas,1.3,
2016-7-10 16:04,2016-7-10 16:15,Business,St Thomas,CBD,1.8,
2016-7-10 18:05,2016-7-10 18:21,Business,New Orleans,Kenner,13.6,
2016-7-10 19:51,2016-7-10 20:08,Business,Kenner,New Orleans,13.4,
2016-7-12 16:10,2016-7-12 16:45,Business,New Orleans,Kenner,12.3,
2016-7-12 19:21,2016-7-12 19:26,Personal,Kenner,Kenner,1.4,
2016-7-12 23:47,2016-7-13 0:11,Personal,Morrisville,Cary,8.7,
2016-7-13 12:39,2016-7-13 13:20,Personal,Cary,Morrisville,23.5,
2016-7-13 13:25,2016-7-13 13:39,Personal,Morrisville,Morrisville,2.2,
2016-7-13 13:42,2016-7-13 13:54,Personal,Morrisville,Cary,4.4,
2016-7-14 15:51,2016-7-14 15:59,Personal,Cary,Morrisville,3.3,
2016-7-14 16:03,2016-7-14 16:34,Business,Morrisville,Morrisville,11.8,Errand/Supplies
2016-7-14 16:39,2016-7-14 20:05,Business,Morrisville,Banner Elk,195.3,
2016-7-15 11:32,2016-7-15 11:53,Personal,Banner Elk,Banner Elk,8.3,
2016-7-15 12:09,2016-7-15 12:19,Personal,Banner Elk,Banner Elk,3.2,
2016-7-15 12:35,2016-7-15 13:15,Personal,Banner Elk,Elk Park,22.4,
2016-7-15 15:03,2016-7-15 15:33,Personal,Elk Park,Banner Elk,12.2,
2016-7-15 15:40,2016-7-15 15:52,Personal,Banner Elk,Banner Elk,4.5,
2016-7-16 13:14,2016-7-16 14:10,Personal,Banner Elk,Newland,28.1,
2016-7-16 14:14,2016-7-16 14:30,Personal,Newland,Newland,3.8,
2016-7-16 15:29,2016-7-16 16:57,Personal,Newland,Boone,41.9,
2016-7-16 19:42,2016-7-16 20:35,Personal,Boone,Banner Elk,23.8,
2016-7-16 21:45,2016-7-16 22:18,Personal,Banner Elk,Banner Elk,13,
2016-7-16 22:50,2016-7-16 23:03,Business,Banner Elk,Banner Elk,4.4,Errand/Supplies
2016-7-17 11:23,2016-7-17 11:50,Personal,Banner Elk,Boone,15.1,Charity ($)
2016-7-17 12:20,2016-7-17 15:25,Personal,Boone,Cary,180.2,Commute
2016-7-18 10:37,2016-7-18 10:49,Personal,Cary,Morrisville,4.1,Moving
2016-7-18 10:54,2016-7-18 11:15,Personal,Morrisville,Cary,6.1,Moving
2016-7-18 11:25,2016-7-18 11:36,Personal,Northwoods,Preston,3.3,Moving
2016-7-18 11:40,2016-7-18 11:56,Personal,Preston,Whitebridge,4.7,Moving
2016-7-18 17:12,2016-7-18 17:33,Business,Cary,Apex,7.2,Meeting
2016-7-18 18:32,2016-7-18 18:47,Business,Apex,Cary,5.5,Meal/Entertain
2016-7-18 19:07,2016-7-18 19:14,Business,Cary,Morrisville,3.3,Meal/Entertain
2016-7-18 20:28,2016-7-18 20:32,Business,Hazelwood,Weston,0.9,Errand/Supplies
2016-7-18 21:11,2016-7-18 21:19,Business,Morrisville,Cary,3.8,Meal/Entertain
2016-7-19 10:35,2016-7-19 10:51,Business,Whitebridge,Stonewater,6.4,Customer Visit
2016-7-19 10:56,2016-7-19 11:11,Business,Stonewater,Lexington Park at Amberly,3,Meeting
2016-7-19 11:30,2016-7-19 12:00,Business,Lexington Park at Amberly,Whitebridge,8.7,Meal/Entertain
2016-7-19 17:14,2016-7-19 17:24,Business,Whitebridge,Chessington,3.9,Errand/Supplies
2016-7-19 17:50,2016-7-19 18:08,Personal,Chessington,Whitebridge,4.8,
2016-7-20 17:12,2016-7-20 17:24,Personal,Whitebridge,Edgehill Farms,2.8,
2016-7-20 17:50,2016-7-20 17:57,Personal,Edgehill Farms,Preston,1.4,
2016-7-20 18:16,2016-7-20 18:20,Personal,Preston,Whitebridge,1.4,
2016-7-21 17:17,2016-7-21 17:23,Business,Whitebridge,Edgehill Farms,2.7,
2016-7-21 17:42,2016-7-21 17:51,Business,Edgehill Farms,Burtrose,2.3,
2016-7-21 18:27,2016-7-21 18:42,Business,Cary,Morrisville,3.7,
2016-7-21 19:30,2016-7-21 19:39,Business,Morrisville,Cary,2.9,
2016-7-22 10:42,2016-7-22 10:53,Business,Cary,Morrisville,3.8,
2016-7-22 11:11,2016-7-22 11:25,Business,Morrisville,Cary,5.1,
2016-7-22 11:37,2016-7-22 12:00,Business,Hazelwood,Lexington Park at Amberly,9.1,
2016-7-22 12:14,2016-7-22 12:31,Business,Cary,Durham,8,
2016-7-22 13:21,2016-7-22 13:42,Business,Durham,Cary,9.9,Meeting
2016-7-22 14:27,2016-7-22 14:43,Business,Cary,Morrisville,6.1,Meal/Entertain
2016-7-22 15:49,2016-7-22 16:22,Business,Morrisville,Cary,12.2,
2016-7-22 18:33,2016-7-22 18:51,Business,Wayne Ridge,Whitebridge,8,
2016-7-23 14:27,2016-7-23 14:44,Business,Cary,Morrisville,4,
2016-7-23 14:48,2016-7-23 15:12,Business,Morrisville,Cary,9.5,
2016-7-23 15:15,2016-7-23 15:27,Business,Cary,Morrisville,3,
2016-7-23 15:50,2016-7-23 16:10,Business,Morrisville,Cary,6.3,
2016-7-23 20:17,2016-7-23 20:33,Business,Cary,Durham,10.4,Meeting
2016-7-23 23:18,2016-7-23 23:43,Business,Durham,Cary,9.9,Meeting
2016-7-25 10:35,2016-7-25 10:41,Business,Whitebridge,Parkway,1.5,
2016-7-25 10:47,2016-7-25 10:58,Business,Cary,Morrisville,4.9,
2016-7-25 11:04,2016-7-25 11:33,Business,Morrisville,Cary,7.9,
2016-7-25 11:37,2016-7-25 11:44,Business,Parkway,Whitebridge,1.7,
2016-7-26 15:43,2016-7-26 15:49,Business,Whitebridge,Westpark Place,2.2,
2016-7-26 17:14,2016-7-26 17:24,Business,Westpark Place,Whitebridge,2.1,
2016-7-26 20:52,2016-7-26 21:00,Business,Cary,Morrisville,2.5,Meal/Entertain
2016-7-26 22:31,2016-7-26 22:39,Business,Morrisville,Cary,2.5,Meal/Entertain
2016-7-27 19:08,2016-7-27 19:20,Business,Cary,Morrisville,2.8,
2016-7-27 21:34,2016-7-27 21:57,Business,Morrisville,Raleigh,14.7,
2016-7-27 22:00,2016-7-27 22:26,Business,Raleigh,Morrisville,14.6,
2016-7-28 0:04,2016-7-28 0:09,Business,Morrisville,Cary,2.3,
2016-7-29 15:45,2016-7-29 15:47,Business,Whitebridge,Westpark Place,2.2,
2016-7-29 17:27,2016-7-29 17:45,Business,Westpark Place,Whitebridge,2.2,Meal/Entertain
2016-7-30 17:02,2016-7-30 17:27,Business,Cary,Durham,14,
2016-7-30 21:16,2016-7-30 21:41,Business,Durham,Cary,13.3,
2016-7-31 17:30,2016-7-31 17:37,Business,Westpark Place,Whitebridge,1.8,
2016-8-1 12:47,2016-8-1 13:04,Business,Whitebridge,Arlington Park at Amberly,6.2,
2016-8-1 13:08,2016-8-1 13:19,Business,Arlington Park at Amberly,Lexington Park at Amberly,1.3,
2016-8-1 13:28,2016-8-1 13:46,Business,Lexington Park at Amberly,Westpark Place,1.9,
2016-8-1 13:52,2016-8-1 14:14,Business,Cary,Apex,6.9,
2016-8-1 15:40,2016-8-1 15:47,Business,Apex,Cary,4.6,
2016-8-1 16:18,2016-8-1 16:25,Business,Whitebridge,Edgehill Farms,2.8,
2016-8-1 16:29,2016-8-1 16:59,Business,Cary,Morrisville,9.1,
2016-8-1 17:23,2016-8-1 17:55,Business,Morrisville,Cary,8.1,
2016-8-2 8:11,2016-8-2 8:32,Business,Cary,Morrisville,8.4,Meeting
2016-8-2 11:51,2016-8-2 12:15,Business,Arlington,Washington,4.9,
2016-8-2 19:15,2016-8-2 19:23,Business,Kalorama Triangle,K Street,1,
2016-8-2 21:23,2016-8-2 21:29,Business,K Street,Kalorama Triangle,1,
2016-8-3 12:46,2016-8-3 13:00,Business,West End,Northwest Rectangle,2,
2016-8-3 14:59,2016-8-3 15:03,Business,K Street,Kalorama Triangle,1.1,
2016-8-3 16:00,2016-8-3 16:04,Business,Kalorama Triangle,Downtown,1.5,
2016-8-5 17:23,2016-8-5 17:30,Business,Connecticut Avenue,Kalorama Triangle,1.3,
2016-8-5 18:17,2016-8-5 18:21,Business,Kalorama Triangle,Columbia Heights,1.8,
2016-8-5 19:17,2016-8-5 19:27,Business,Columbia Heights,Kalorama Triangle,1.5,
2016-8-6 6:40,2016-8-6 6:58,Business,Washington,Arlington,6.6,
2016-8-6 9:31,2016-8-6 9:53,Business,Morrisville,Cary,8,
2016-8-7 17:14,2016-8-7 17:23,Business,Whitebridge,Edgehill Farms,2.7,
2016-8-7 17:28,2016-8-7 17:43,Business,Edgehill Farms,Whitebridge,2.7,Customer Visit
2016-8-7 18:17,2016-8-7 18:23,Business,Cary,Morrisville,2.5,
2016-8-7 20:15,2016-8-7 20:23,Business,Morrisville,Cary,2.5,Meal/Entertain
2016-8-8 16:17,2016-8-8 16:31,Business,Whitebridge,Farmington Woods,5.2,
2016-8-8 16:37,2016-8-8 16:50,Business,Farmington Woods,Edgehill Farms,4,
2016-8-8 17:02,2016-8-8 17:13,Business,Edgehill Farms,Whitebridge,2.7,Customer Visit
2016-8-8 21:50,2016-8-8 22:15,Business,Cary,Morrisville,4.8,
2016-8-8 23:28,2016-8-8 23:37,Business,Morrisville,Cary,3.2,Customer Visit
2016-8-9 14:20,2016-8-9 14:38,Business,Whitebridge,Waverly Place,6.9,
2016-8-9 15:15,2016-8-9 15:36,Business,Cary,Raleigh,14.9,
2016-8-9 16:04,2016-8-9 16:37,Business,Raleigh,Cary,17.4,
2016-8-10 16:56,2016-8-10 17:24,Business,Cary,Durham,12.9,
2016-8-10 17:53,2016-8-10 18:28,Business,Durham,Apex,15.3,
2016-8-10 18:49,2016-8-10 18:50,Business,Apex,Apex,1,
2016-8-10 19:47,2016-8-10 20:02,Business,Apex,Cary,6,
2016-8-11 12:53,2016-8-11 13:00,Business,Whitebridge,Heritage Pines,2.2,
2016-8-11 13:14,2016-8-11 13:28,Business,Heritage Pines,Edgehill Farms,4.4,
2016-8-11 13:32,2016-8-11 13:42,Business,Edgehill Farms,Whitebridge,2.8,
2016-8-11 18:37,2016-8-11 19:29,Business,Cary,Wake Forest,31.7,
2016-8-11 20:59,2016-8-11 21:44,Business,Wake Forest,Cary,31.9,
2016-8-12 18:49,2016-8-12 18:52,Business,Whitebridge,Westpark Place,1.9,
2016-8-12 18:56,2016-8-12 19:05,Business,Westpark Place,Whitebridge,1.8,
2016-8-13 15:35,2016-8-13 15:58,Business,Cary,Morrisville,8.4,Meeting
2016-8-15 9:05,2016-8-15 9:52,Business,R?walpindi,Unknown Location,15.6,
2016-8-15 15:20,2016-8-15 15:47,Business,Unknown Location,Unknown Location,14.1,
2016-8-15 16:52,2016-8-15 17:30,Business,Unknown Location,Unknown Location,15.7,
2016-8-15 19:08,2016-8-15 20:30,Business,Unknown Location,Unknown Location,25.9,Temporary Site
2016-8-16 7:58,2016-8-16 8:11,Business,Unknown Location,Unknown Location,7.9,
2016-8-16 8:16,2016-8-16 8:23,Business,Unknown Location,Unknown Location,2.7,
2016-8-16 8:46,2016-8-16 8:53,Business,Unknown Location,Unknown Location,5.5,
2016-8-16 10:06,2016-8-16 10:27,Business,Unknown Location,Islamabad,5.7,
2016-8-16 10:31,2016-8-16 10:38,Business,Islamabad,Islamabad,1.2,
2016-8-16 11:47,2016-8-16 12:03,Business,Islamabad,Unknown Location,5.7,Temporary Site
2016-8-16 15:13,2016-8-16 15:36,Business,Unknown Location,Unknown Location,16.2,
2016-8-17 10:17,2016-8-17 10:41,Business,Unknown Location,Unknown Location,2.6,
2016-8-17 10:57,2016-8-17 11:20,Business,Unknown Location,Unknown Location,12.1,
2016-8-17 14:45,2016-8-17 14:50,Business,Unknown Location,R?walpindi,1.4,
2016-8-17 15:32,2016-8-17 15:47,Business,R?walpindi,Islamabad,6.4,
2016-8-17 16:29,2016-8-17 16:50,Business,Islamabad,Unknown Location,7.3,
2016-8-17 16:54,2016-8-17 17:00,Business,Unknown Location,Unknown Location,5.3,
2016-8-17 17:05,2016-8-17 17:34,Business,Unknown Location,Unknown Location,5.5,
2016-8-17 18:38,2016-8-17 18:57,Business,Unknown Location,Unknown Location,7.7,Temporary Site
2016-8-18 18:40,2016-8-18 19:07,Business,Unknown Location,Unknown Location,7.6,Temporary Site
2016-8-19 8:24,2016-8-19 8:45,Business,Unknown Location,Noorpur Shahan,7.6,
2016-8-19 8:54,2016-8-19 9:07,Business,Noorpur Shahan,Islamabad,3.3,
2016-8-19 9:27,2016-8-19 9:47,Business,Islamabad,R?walpindi,6.5,
2016-8-19 10:57,2016-8-19 11:06,Business,R?walpindi,Unknown Location,2,
2016-8-19 12:07,2016-8-19 12:24,Business,Unknown Location,Islamabad,5.7,
2016-8-19 15:51,2016-8-19 16:06,Business,Islamabad,Islamabad,3.2,
2016-8-19 17:12,2016-8-19 17:52,Business,Islamabad,Unknown Location,12.5,
2016-8-21 10:00,2016-8-21 10:29,Business,Unknown Location,Unknown Location,7.6,Airport/Travel
2016-8-21 14:05,2016-8-21 14:34,Business,Unknown Location,Unknown Location,7.7,
2016-8-21 16:30,2016-8-21 17:02,Business,Unknown Location,Islamabad,12.2,
2016-8-21 18:10,2016-8-21 18:17,Business,Islamabad,Islamabad,1.4,
2016-8-21 18:48,2016-8-21 19:24,Business,Islamabad,Unknown Location,20.2,
2016-8-22 10:00,2016-8-22 10:44,Business,Unknown Location,Islamabad,9.8,
2016-8-22 11:07,2016-8-22 11:23,Business,Islamabad,Unknown Location,6.3,
2016-8-22 12:36,2016-8-22 12:49,Business,Unknown Location,Islamabad,4.9,
2016-8-22 13:02,2016-8-22 13:11,Business,Islamabad,Islamabad,1.5,
2016-8-22 14:07,2016-8-22 14:31,Business,Islamabad,Unknown Location,10.9,
2016-8-22 15:14,2016-8-22 15:49,Business,Unknown Location,Unknown Location,19,
2016-8-22 15:59,2016-8-22 17:16,Business,Unknown Location,Unknown Location,19,
2016-8-22 19:58,2016-8-22 20:50,Business,Unknown Location,R?walpindi,7.9,
2016-8-22 20:53,2016-8-22 21:31,Business,R?walpindi,R?walpindi,4.1,
2016-8-22 22:31,2016-8-22 23:00,Business,R?walpindi,Unknown Location,18.7,
2016-8-23 8:10,2016-8-23 8:25,Business,Unknown Location,Noorpur Shahan,8.7,
2016-8-23 9:35,2016-8-23 10:09,Business,Noorpur Shahan,Unknown Location,7.5,
2016-8-23 12:59,2016-8-23 13:15,Business,Unknown Location,Noorpur Shahan,7.7,
2016-8-23 13:19,2016-8-23 13:30,Business,Noorpur Shahan,Islamabad,4.4,
2016-8-23 13:49,2016-8-23 14:04,Business,Islamabad,Unknown Location,5,
2016-8-23 15:07,2016-8-23 15:12,Business,Unknown Location,Unknown Location,1.9,
2016-8-23 15:15,2016-8-23 17:16,Business,Unknown Location,Unknown Location,7.9,
2016-8-23 17:42,2016-8-23 18:31,Business,Unknown Location,Unknown Location,17.7,
2016-8-24 12:05,2016-8-24 12:56,Business,Unknown Location,Unknown Location,25.2,
2016-8-24 13:01,2016-8-24 15:25,Business,Unknown Location,Unknown Location,96.2,
2016-8-25 15:17,2016-8-25 16:22,Business,Unknown Location,Unknown Location,35,
2016-8-25 16:36,2016-8-25 16:56,Business,Unknown Location,Unknown Location,5.5,
2016-8-25 17:19,2016-8-25 19:20,Business,Unknown Location,Unknown Location,50.4,
2016-8-25 19:25,2016-8-25 19:57,Business,Unknown Location,Lahore,9.2,
2016-8-25 22:58,2016-8-25 23:16,Business,Lahore,Unknown Location,7.3,
2016-8-26 9:06,2016-8-26 9:20,Business,Unknown Location,Unknown Location,5,
2016-8-26 11:14,2016-8-26 11:26,Business,Unknown Location,Unknown Location,3.8,
2016-8-26 12:10,2016-8-26 12:20,Business,Unknown Location,Lahore,3.9,
2016-8-26 14:10,2016-8-26 14:33,Business,Lahore,Lahore,7.4,
2016-8-26 15:23,2016-8-26 15:35,Business,Lahore,Lahore,1.5,
2016-8-26 15:59,2016-8-26 16:24,Business,Lahore,Unknown Location,7.9,
2016-8-26 16:55,2016-8-26 17:12,Business,Unknown Location,Lahore,2.9,
2016-8-26 18:42,2016-8-26 18:56,Business,Lahore,Lahore,3.4,
2016-8-26 19:31,2016-8-26 19:54,Business,Lahore,Lahore,3.8,
2016-8-26 20:06,2016-8-26 20:16,Business,Lahore,Unknown Location,5.9,
2016-8-27 9:34,2016-8-27 10:11,Business,Unknown Location,Lahore,9.6,
2016-8-27 11:47,2016-8-27 12:06,Business,Lahore,Lahore,7,
2016-8-27 12:12,2016-8-27 12:17,Business,Lahore,Lahore,0.9,
2016-8-27 14:01,2016-8-27 15:44,Business,Lahore,Unknown Location,86.6,
2016-8-27 16:15,2016-8-27 19:13,Business,Unknown Location,Unknown Location,156.9,
2016-8-28 9:57,2016-8-28 10:18,Business,Unknown Location,Noorpur Shahan,10.1,
2016-8-28 16:39,2016-8-28 16:55,Business,Noorpur Shahan,Islamabad,6.2,
2016-8-28 17:37,2016-8-28 17:55,Business,Islamabad,Islamabad,5.3,
2016-8-28 21:15,2016-8-28 21:59,Business,Islamabad,Unknown Location,12.1,
2016-8-29 12:02,2016-8-29 12:31,Business,Unknown Location,Islamabad,10.8,
2016-8-29 13:38,2016-8-29 13:48,Business,Islamabad,Islamabad,4.3,
2016-8-29 14:31,2016-8-29 14:41,Business,Islamabad,Islamabad,2.5,
2016-8-29 14:49,2016-8-29 15:04,Business,Islamabad,Unknown Location,5.7,Temporary Site
2016-8-29 15:49,2016-8-29 15:59,Business,Unknown Location,Islamabad,2.8,
2016-8-29 16:06,2016-8-29 16:21,Business,Islamabad,Unknown Location,4,
2016-8-29 17:24,2016-8-29 17:41,Business,Unknown Location,Islamabad,5.5,
2016-8-29 18:27,2016-8-29 18:36,Business,Islamabad,Islamabad,2.6,
2016-8-30 11:53,2016-8-30 12:05,Business,Unknown Location,Unknown Location,2.1,
2016-8-30 12:46,2016-8-30 13:09,Business,Unknown Location,Islamabad,8.8,
2016-8-30 13:25,2016-8-30 13:46,Business,Islamabad,Islamabad,4.4,
2016-8-30 14:00,2016-8-30 14:20,Business,Islamabad,Unknown Location,5.3,
2016-8-30 17:27,2016-8-30 18:09,Business,Unknown Location,Unknown Location,13,
2016-9-1 11:51,2016-9-1 12:24,Business,Unknown Location,Islamabad,13,
2016-9-1 17:21,2016-9-1 17:36,Business,Islamabad,Unknown Location,10.6,
2016-9-1 18:49,2016-9-1 19:08,Business,Unknown Location,Unknown Location,2.2,
2016-9-2 11:37,2016-9-2 12:24,Business,Unknown Location,Islamabad,9.2,
2016-9-2 18:56,2016-9-2 19:37,Business,Unknown Location,Unknown Location,12.9,
2016-9-5 10:25,2016-9-5 10:44,Business,Unknown Location,R?walpindi,17.2,
2016-9-6 17:49,2016-9-6 17:49,Business,Unknown Location,Unknown Location,69.1,
2016-9-10 10:28,2016-9-10 10:45,Business,Unknown Location,Unknown Location,2.8,
2016-9-11 9:51,2016-9-11 9:55,Business,Unknown Location,Unknown Location,8.6,
2016-9-11 21:40,2016-9-11 21:42,Business,Unknown Location,Unknown Location,9.8,
2016-9-12 8:07,2016-9-12 8:12,Business,Unknown Location,Unknown Location,3.6,
2016-9-12 11:15,2016-9-12 11:24,Business,Unknown Location,Unknown Location,1.7,
2016-9-12 13:04,2016-9-12 13:44,Business,Unknown Location,Unknown Location,11.5,
2016-9-13 16:56,2016-9-13 17:02,Business,Unknown Location,Unknown Location,0.7,
2016-9-14 11:55,2016-9-14 11:59,Business,Unknown Location,Unknown Location,0.7,
2016-9-15 20:33,2016-9-15 20:38,Business,Unknown Location,Unknown Location,0.9,
2016-9-16 7:08,2016-9-16 7:08,Business,Unknown Location,Unknown Location,1.6,
2016-9-18 18:07,2016-9-18 18:11,Business,Unknown Location,Unknown Location,9.4,
2016-9-19 6:18,2016-9-19 6:49,Business,R?walpindi,Unknown Location,18.2,
2016-9-19 14:40,2016-9-19 14:56,Business,Unknown Location,Islamabad,10.5,
2016-9-19 16:23,2016-9-19 16:31,Business,Islamabad,Unknown Location,5.7,
2016-9-19 17:36,2016-9-19 18:20,Business,Unknown Location,Unknown Location,18,
2016-9-19 19:10,2016-9-19 19:49,Business,Unknown Location,Islamabad,18.3,
2016-9-20 11:29,2016-9-20 11:48,Business,Islamabad,Unknown Location,16.5,
2016-9-20 20:47,2016-9-20 22:47,Business,Unknown Location,R?walpindi,9.6,
2016-9-23 13:15,2016-9-23 13:40,Business,Karachi,Karachi,2.9,
2016-9-24 14:34,2016-9-24 15:15,Business,Karachi,Unknown Location,8.2,
2016-9-24 20:29,2016-9-24 20:33,Business,Unknown Location,Unknown Location,2.4,
2016-9-27 8:33,2016-9-27 8:35,Business,Unknown Location,Unknown Location,5.8,
2016-9-27 13:21,2016-9-27 14:43,Business,Lahore,Lahore,9.8,
2016-9-27 19:14,2016-9-27 20:34,Business,Lahore,Unknown Location,7.3,
2016-9-27 21:01,2016-9-28 2:37,Business,Unknown Location,Unknown Location,195.6,
2016-9-28 17:21,2016-9-28 19:36,Business,Islamabad,Unknown Location,20.5,
2016-9-29 16:13,2016-9-29 18:47,Business,Unknown Location,Islamabad,12.6,
2016-9-30 17:39,2016-9-30 20:20,Business,Islamabad,Islamabad,37.7,
2016-9-30 20:59,2016-9-30 22:34,Business,Islamabad,Unknown Location,16.7,
2016-10-3 17:09,2016-10-3 17:12,Business,Unknown Location,Islamabad,10.5,
2016-10-3 18:17,2016-10-3 18:34,Business,Islamabad,Islamabad,2.8,
2016-10-3 18:51,2016-10-3 19:01,Business,Islamabad,Islamabad,1.6,
2016-10-3 22:04,2016-10-3 22:33,Business,Islamabad,Unknown Location,12.7,
2016-10-4 9:50,2016-10-4 10:52,Business,Unknown Location,Unknown Location,28.6,
2016-10-4 12:17,2016-10-4 12:18,Business,Unknown Location,Unknown Location,15.1,
2016-10-6 8:49,2016-10-6 11:36,Business,Unknown Location,R?walpindi,17.9,
2016-10-6 17:23,2016-10-6 17:40,Business,R?walpindi,Unknown Location,112.6,
2016-10-6 18:37,2016-10-6 18:39,Business,Unknown Location,Unknown Location,18.4,
2016-10-6 19:46,2016-10-6 20:26,Business,Unknown Location,Unknown Location,13.8,
2016-10-7 10:56,2016-10-7 10:59,Business,Unknown Location,Lahore,33.2,
2016-10-7 11:27,2016-10-7 11:50,Business,Lahore,Lahore,2.6,
2016-10-7 13:52,2016-10-7 14:08,Business,Lahore,Unknown Location,5.8,
2016-10-7 14:29,2016-10-7 15:11,Business,Unknown Location,Lahore,8.3,
2016-10-7 15:47,2016-10-7 16:02,Business,Lahore,Lahore,2.4,
2016-10-7 18:08,2016-10-7 18:27,Business,Lahore,Lahore,3.1,
2016-10-7 18:33,2016-10-7 19:01,Business,Lahore,Lahore,6.1,
2016-10-8 15:03,2016-10-8 15:03,Business,Karachi,Karachi,3.6,
2016-10-8 18:15,2016-10-8 18:18,Business,Karachi,Unknown Location,8,
2016-10-9 14:04,2016-10-9 14:23,Business,Unknown Location,Unknown Location,7.7,Temporary Site
2016-10-10 17:22,2016-10-10 17:28,Business,Islamabad,Islamabad,1.7,
2016-10-10 17:33,2016-10-10 18:13,Business,Islamabad,Unknown Location,9.5,
2016-10-11 1:27,2016-10-11 2:08,Business,Unknown Location,R?walpindi,17.1,Meeting
2016-10-12 19:18,2016-10-12 19:21,Business,R?walpindi,Unknown Location,18.4,
2016-10-13 11:20,2016-10-13 11:58,Business,Unknown Location,Islamabad,9.8,
2016-10-13 12:08,2016-10-13 12:14,Business,Islamabad,Islamabad,1,
2016-10-13 13:02,2016-10-13 13:02,Business,Islamabad,Islamabad,0.7,
2016-10-13 13:37,2016-10-13 13:46,Business,Islamabad,Islamabad,2.3,
2016-10-13 16:08,2016-10-13 16:53,Business,Islamabad,Unknown Location,10.9,
2016-10-14 8:50,2016-10-14 9:44,Business,Unknown Location,R?walpindi,12.7,
2016-10-14 10:16,2016-10-14 10:52,Business,R?walpindi,Unknown Location,12.4,
2016-10-14 15:56,2016-10-14 16:20,Business,Unknown Location,Unknown Location,3.8,
2016-10-14 23:54,2016-10-15 2:06,Business,Unknown Location,R?walpindi,17,Meeting
2016-10-15 22:28,2016-10-15 22:48,Business,Morrisville,Morrisville,6.2,
2016-10-16 0:01,2016-10-16 0:14,Business,Morrisville,Cary,3.1,
2016-10-16 12:52,2016-10-16 13:11,Business,Cary,Durham,10.5,Meeting
2016-10-16 14:40,2016-10-16 15:01,Business,Durham,Morrisville,8.1,
2016-10-16 15:10,2016-10-16 15:19,Business,Morrisville,Cary,3.1,
2016-10-16 19:27,2016-10-16 19:33,Business,Whitebridge,Parkway,2.1,Meeting
2016-10-16 20:30,2016-10-16 20:39,Business,Cary,Morrisville,4.3,
2016-10-16 21:34,2016-10-16 21:41,Business,Morrisville,Cary,2.5,Meal/Entertain
2016-10-17 15:19,2016-10-17 15:57,Business,Cary,Raleigh,20.6,
2016-10-17 16:29,2016-10-17 17:11,Business,Raleigh,Cary,17.6,
2016-10-17 18:02,2016-10-17 18:16,Business,Cary,Apex,5.6,
2016-10-17 18:31,2016-10-17 18:45,Business,Apex,Apex,3.3,
2016-10-17 19:08,2016-10-17 19:25,Business,Apex,Cary,5.3,
2016-10-18 8:12,2016-10-18 8:22,Business,Whitebridge,Edgehill Farms,3.3,
2016-10-18 8:53,2016-10-18 9:02,Business,Edgehill Farms,Whitebridge,3.3,
2016-10-18 10:41,2016-10-18 11:09,Business,Cary,Morrisville,7.9,Temporary Site
2016-10-18 18:12,2016-10-18 18:33,Business,Oakland,Emeryville,13,
2016-10-18 19:03,2016-10-18 19:13,Business,Emeryville,Berkeley,3,
2016-10-18 20:31,2016-10-18 20:37,Business,Berkeley,Emeryville,3,
2016-10-19 9:33,2016-10-19 9:47,Business,Emeryville,Oakland,3.8,
2016-10-19 9:54,2016-10-19 10:21,Business,Oakland,San Francisco,9.5,
2016-10-19 13:45,2016-10-19 13:56,Business,SOMISSPO,French Quarter,1.7,
2016-10-19 14:02,2016-10-19 14:31,Business,San Francisco,Berkeley,10.8,
2016-10-19 15:44,2016-10-19 16:02,Business,West Berkeley,North Berkeley Hills,4.1,
2016-10-19 16:06,2016-10-19 16:19,Business,North Berkeley Hills,Southside,2.2,
2016-10-19 16:33,2016-10-19 17:01,Business,Berkeley,Emeryville,4.6,
2016-10-20 11:26,2016-10-20 11:34,Business,Emeryville,Berkeley,3.1,
2016-10-20 12:19,2016-10-20 13:17,Business,Berkeley,San Jose,47.7,
2016-10-20 20:44,2016-10-20 21:37,Business,San Jose,Emeryville,44.6,
2016-10-21 10:06,2016-10-21 10:21,Business,Emeryville,Oakland,13.2,
2016-10-22 0:54,2016-10-22 1:09,Business,Morrisville,Cary,8.7,
2016-10-22 13:26,2016-10-22 14:03,Business,Cary,Raleigh,17.2,
2016-10-22 17:08,2016-10-22 17:55,Business,Raleigh,Cary,14,
2016-10-23 9:24,2016-10-23 10:05,Business,Cary,Raleigh,28.1,
2016-10-23 12:17,2016-10-23 12:59,Business,Raleigh,Cary,28.2,
2016-10-23 19:04,2016-10-23 19:14,Business,Cary,Morrisville,3.1,Meal/Entertain
2016-10-23 21:10,2016-10-23 21:25,Business,Morrisville,Cary,3.1,Customer Visit
2016-10-24 14:57,2016-10-24 15:26,Business,Cary,Durham,16.4,
2016-10-24 15:33,2016-10-24 16:13,Business,Durham,Morrisville,15.4,
2016-10-24 16:34,2016-10-24 16:41,Business,Morrisville,Cary,2.2,
2016-10-25 13:27,2016-10-25 14:08,Business,Cary,Apex,11.2,
2016-10-25 15:04,2016-10-25 15:11,Business,Apex,Eagle Rock,2.2,
2016-10-25 15:16,2016-10-25 15:33,Business,Eagle Rock,Cary,3.6,
2016-10-25 20:00,2016-10-25 20:11,Business,Whitebridge,Savon Height,3.6,Meal/Entertain
2016-10-25 20:54,2016-10-25 21:03,Business,Savon Height,Parkway,4.9,
2016-10-25 22:24,2016-10-25 22:45,Business,Parkway,Whitebridge,8.7,Errand/Supplies
2016-10-26 19:25,2016-10-26 19:31,Business,Whitebridge,Parkway,2.1,Meeting
2016-10-26 20:53,2016-10-26 21:03,Business,Parkway,Whitebridge,2.1,
2016-10-27 18:51,2016-10-27 19:16,Business,Cary,Morrisville,8.4,Meeting
2016-10-27 19:20,2016-10-27 19:35,Business,Morrisville,Morrisville,5.9,
2016-10-27 19:52,2016-10-27 20:21,Business,Huntington Woods,Huntington Woods,12.1,
2016-10-27 20:47,2016-10-27 20:54,Business,Huntington Woods,Weston,3.9,
2016-10-27 21:26,2016-10-27 21:48,Business,Morrisville,Cary,6.2,
2016-10-28 11:34,2016-10-28 11:52,Business,Cary,Durham,10.4,Meeting
2016-10-28 13:06,2016-10-28 13:36,Business,Durham,Cary,9.9,Meeting
2016-10-28 15:53,2016-10-28 17:59,Business,Cary,Winston Salem,107,Meeting
2016-10-28 18:13,2016-10-28 20:07,Business,Winston Salem,Asheville,133.6,Meeting
2016-10-28 20:13,2016-10-28 22:00,Business,Asheville,Topton,91.8,Meeting
2016-10-29 15:22,2016-10-29 17:05,Business,Topton,Hayesville,40.7,Meeting
2016-10-29 17:13,2016-10-29 19:19,Business,Hayesville,Topton,75.7,
2016-10-30 7:49,2016-10-30 8:30,Business,Topton,Bryson City,29.8,
2016-10-30 9:07,2016-10-30 10:09,Business,Bryson City,Bryson City,16.3,
2016-10-30 10:11,2016-10-30 10:38,Business,Bryson City,Bryson City,6.5,
2016-10-30 10:51,2016-10-30 11:21,Business,Bryson City,Bryson City,6.3,
2016-10-30 12:24,2016-10-30 12:35,Business,Bryson City,Almond,6.6,
2016-10-30 12:58,2016-10-30 13:18,Business,Almond,Bryson City,15.2,
2016-10-30 13:24,2016-10-30 14:37,Business,Bryson City,Asheville,68.4,
2016-10-30 15:22,2016-10-30 18:23,Business,Asheville,Mebane,195.9,
2016-10-30 18:26,2016-10-30 19:39,Business,Mebane,Cary,45.2,
2016-10-31 18:11,2016-10-31 18:20,Business,Cary,Morrisville,3.2,
2016-10-31 18:47,2016-10-31 19:16,Business,Morrisville,Raleigh,10.3,
2016-10-31 20:18,2016-10-31 20:44,Business,Raleigh,Cary,13.1,
2016-10-31 21:45,2016-10-31 22:10,Business,Savon Height,Whitebridge,9.6,Errand/Supplies
2016-11-1 11:50,2016-11-1 12:27,Business,Cary,Durham,16.5,
2016-11-1 16:29,2016-11-1 17:02,Business,Durham,Cary,12.8,
2016-11-1 17:35,2016-11-1 17:42,Business,Whitebridge,Whitebridge,1.2,
2016-11-1 19:14,2016-11-1 19:20,Business,Whitebridge,Whitebridge,1,
2016-11-1 19:59,2016-11-1 20:12,Business,Whitebridge,Whitebridge,4.1,
2016-11-1 20:41,2016-11-1 20:55,Business,Whitebridge,Whitebridge,4.2,Meal/Entertain
2016-11-2 15:10,2016-11-2 15:18,Business,Whitebridge,Westpark Place,1.4,
2016-11-2 15:45,2016-11-2 15:52,Business,Westpark Place,Whitebridge,1.8,
2016-11-2 16:46,2016-11-2 17:11,Business,Cary,Morrisville,8.5,Meeting
2016-11-2 17:34,2016-11-2 17:49,Business,Morrisville,Morrisville,5,
2016-11-2 17:53,2016-11-2 18:00,Business,Morrisville,Cary,3.8,
2016-11-3 11:28,2016-11-3 11:34,Business,Whitebridge,Hazelwood,2.5,
2016-11-3 12:43,2016-11-3 12:49,Business,Hazelwood,Whitebridge,2.4,
2016-11-3 13:42,2016-11-3 13:47,Business,Whitebridge,Westpark Place,1.4,
2016-11-3 14:13,2016-11-3 14:26,Business,Westpark Place,Whitebridge,1.8,
2016-11-3 18:51,2016-11-3 19:08,Business,Cary,Morrisville,3.1,Meal/Entertain
2016-11-3 22:46,2016-11-3 22:58,Business,Morrisville,Cary,3.1,Customer Visit
2016-11-4 10:02,2016-11-4 10:18,Business,Cary,Morrisville,7.9,Temporary Site
2016-11-4 18:14,2016-11-4 18:21,Business,San Jose,Santa Clara,3.8,
2016-11-4 21:04,2016-11-4 21:20,Business,Agnew,Cory,4.3,
2016-11-4 22:12,2016-11-4 22:25,Business,Cory,Agnew,3.9,
2016-11-5 8:34,2016-11-5 8:43,Business,Agnew,Renaissance,2.2,
2016-11-5 17:29,2016-11-5 17:40,Business,Renaissance,Agnew,2.8,
2016-11-5 19:20,2016-11-5 19:28,Business,Agnew,Agnew,2.2,
2016-11-6 10:50,2016-11-6 11:04,Business,Agnew,Renaissance,2.4,
2016-11-6 16:05,2016-11-6 16:22,Business,Renaissance,Agnew,2.8,Meeting
2016-11-6 16:27,2016-11-6 17:28,Business,Santa Clara,Berkeley,43.9,Customer Visit
2016-11-6 19:04,2016-11-6 19:12,Business,Downtown,West Berkeley,1.8,
2016-11-6 20:06,2016-11-6 20:21,Business,West Berkeley,Central,3.3,
2016-11-7 12:28,2016-11-7 12:57,Business,Berkeley,San Francisco,11.8,Between Offices
2016-11-7 19:17,2016-11-7 19:57,Business,San Francisco,Berkeley,13.2,Between Offices
2016-11-8 10:29,2016-11-8 10:57,Business,Berkeley,San Francisco,12.2,Between Offices
2016-11-8 12:16,2016-11-8 12:49,Business,San Francisco,Berkeley,11.3,Meeting
2016-11-8 13:41,2016-11-8 14:01,Business,Berkeley,Emeryville,3.6,
2016-11-8 16:21,2016-11-8 16:34,Business,Emeryville,Berkeley,3,
2016-11-9 13:08,2016-11-9 13:41,Business,Berkeley,San Francisco,11.4,
2016-11-9 15:58,2016-11-9 16:04,Business,NOMA,Downtown,0.9,
2016-11-9 17:31,2016-11-9 18:03,Business,Downtown,Sunnyside,6.2,
2016-11-9 18:09,2016-11-9 18:14,Business,Sunnyside,Ingleside,0.7,
2016-11-9 18:21,2016-11-9 18:35,Business,Ingleside,Potrero Flats,5.5,Meeting
2016-11-9 18:40,2016-11-9 19:17,Business,San Francisco,Oakland,12.7,Customer Visit
2016-11-9 20:52,2016-11-9 21:02,Business,Oakland,Berkeley,2.6,
2016-11-9 21:56,2016-11-9 22:02,Business,Central,Central,1.1,
2016-11-10 9:46,2016-11-10 10:15,Business,Berkeley,San Francisco,12.6,Temporary Site
2016-11-10 10:20,2016-11-10 10:31,Business,Tenderloin,SOMISSPO,1.2,
2016-11-10 14:57,2016-11-10 15:07,Business,SOMISSPO,Tenderloin,1.1,
2016-11-10 15:17,2016-11-10 15:22,Business,San Francisco,Oakland,9.9,Temporary Site
2016-11-10 15:30,2016-11-10 15:53,Business,Oakland,Berkeley,6,Meeting
2016-11-10 19:18,2016-11-10 19:21,Business,West Berkeley,Central,0.8,
2016-11-11 9:35,2016-11-11 10:23,Business,Berkeley,Menlo Park,45.9,Customer Visit
2016-11-11 12:58,2016-11-11 13:13,Business,Menlo Park,Palo Alto,4,
2016-11-11 14:20,2016-11-11 14:32,Business,Palo Alto,Menlo Park,2.5,
2016-11-11 14:39,2016-11-11 15:46,Business,Menlo Park,Berkeley,36.6,Customer Visit
2016-11-11 18:30,2016-11-11 18:43,Business,Central,College Avenue,2.9,
2016-11-11 21:08,2016-11-11 21:18,Business,College Avenue,Central,2.6,
2016-11-12 10:32,2016-11-12 10:52,Business,Central,South,2.3,
2016-11-12 10:55,2016-11-12 11:25,Business,South,Downtown,6.4,
2016-11-12 13:07,2016-11-12 13:15,Business,Downtown,Central,1.4,
2016-11-12 13:46,2016-11-12 13:50,Business,Central,West Berkeley,0.6,
2016-11-12 14:22,2016-11-12 14:53,Business,West Berkeley,South,5.9,Meeting
2016-11-12 15:14,2016-11-12 15:21,Business,South,Southwest Berkeley,0.8,
2016-11-12 15:25,2016-11-12 15:36,Business,Berkeley,Emeryville,1.3,
2016-11-12 15:40,2016-11-12 15:59,Business,Emeryville,Berkeley,3.7,Errand/Supplies
2016-11-13 8:54,2016-11-13 9:02,Business,Central,Central,2.3,
2016-11-13 9:27,2016-11-13 9:53,Business,Central,Central,2.6,
2016-11-13 10:31,2016-11-13 10:37,Business,Central,Southside,1.9,
2016-11-13 11:04,2016-11-13 11:16,Business,Southside,West Berkeley,2.1,
2016-11-13 12:22,2016-11-13 12:51,Business,West Berkeley,Southside,4,Meeting
2016-11-13 13:05,2016-11-13 13:11,Business,Southside,South Berkeley,0.9,
2016-11-13 13:14,2016-11-13 13:18,Business,South Berkeley,Southside,0.9,
2016-11-13 14:35,2016-11-13 14:46,Business,Southside,Central,2.4,
2016-11-13 15:14,2016-11-13 15:24,Business,Central,Southside,1.9,
2016-11-13 15:47,2016-11-13 15:59,Business,Southside,Central,1.9,
2016-11-14 11:24,2016-11-14 12:13,Business,Berkeley,Mountain View,44.6,Customer Visit
2016-11-14 13:40,2016-11-14 14:33,Business,Mountain View,Berkeley,43.6,Customer Visit
2016-11-14 15:27,2016-11-14 15:36,Business,Berkeley,Emeryville,2.5,
2016-11-14 20:19,2016-11-14 20:30,Business,Emeryville,Berkeley,3.7,Errand/Supplies
2016-11-15 13:59,2016-11-15 14:06,Business,Berkeley,Oakland,5.1,
2016-11-15 14:09,2016-11-15 14:26,Business,Oakland,San Francisco,9.7,Temporary Site
2016-11-15 20:44,2016-11-15 21:00,Business,San Francisco,Berkeley,11.8,Temporary Site
2016-11-16 20:21,2016-11-16 20:27,Business,Berkeley,El Cerrito,2.3,Temporary Site
2016-11-16 22:52,2016-11-16 23:02,Business,El Cerrito,Berkeley,3.1,Meal/Entertain
2016-11-17 10:13,2016-11-17 10:44,Business,Berkeley,Oakland,16.3,Customer Visit
2016-11-18 20:09,2016-11-18 20:19,Business,Cary,Morrisville,3.1,Meal/Entertain
2016-11-18 21:23,2016-11-18 21:34,Business,Morrisville,Cary,5.2,Meal/Entertain
2016-11-18 21:56,2016-11-18 22:21,Business,Krendle Woods,Whitebridge,6.1,Meeting
2016-11-19 13:51,2016-11-19 14:10,Business,Cary,Durham,10.3,Meeting
2016-11-19 14:30,2016-11-19 14:51,Business,Durham,Cary,10.5,Meeting
2016-11-19 16:01,2016-11-19 16:06,Business,Cary,Cary,1.5,
2016-11-19 16:27,2016-11-19 16:41,Business,Cary,Cary,1.8,
2016-11-19 17:41,2016-11-19 17:54,Business,Cary,Apex,5.4,Errand/Supplies
2016-11-19 21:14,2016-11-19 21:35,Business,Apex,Cary,5.4,Customer Visit
2016-11-20 10:27,2016-11-20 11:32,Business,Cary,Cary,39.2,Between Offices
2016-11-20 11:58,2016-11-20 12:28,Business,Cary,Cary,6.4,Customer Visit
2016-11-20 14:58,2016-11-20 15:07,Business,Cary,Cary,2.7,Meeting
2016-11-20 17:45,2016-11-20 18:37,Business,Cary,Cary,18.5,Errand/Supplies
2016-11-21 13:37,2016-11-21 13:49,Business,Cary,Cary,2.5,Meal/Entertain
2016-11-21 14:34,2016-11-21 14:44,Business,Cary,Cary,2.1,Meal/Entertain
2016-11-21 17:50,2016-11-21 18:04,Business,Cary,Unknown Location,6.7,Errand/Supplies
2016-11-21 18:18,2016-11-21 18:27,Business,Unknown Location,Morrisville,3.5,Meal/Entertain
2016-11-21 18:43,2016-11-21 18:51,Business,Morrisville,Cary,3.4,Errand/Supplies
2016-11-22 15:12,2016-11-22 15:27,Business,Cary,Cary,5.5,Meeting
2016-11-22 15:31,2016-11-22 15:44,Business,Cary,Cary,4.1,Meeting
2016-11-22 15:51,2016-11-22 16:43,Business,Cary,Cary,12.7,Customer Visit
2016-11-22 18:18,2016-11-22 18:28,Business,Cary,Morrisville,3,Meal/Entertain
2016-11-22 21:02,2016-11-22 21:14,Business,Morrisville,Cary,3.5,Customer Visit
2016-11-23 15:34,2016-11-23 15:50,Business,Cary,Cary,5.9,Meal/Entertain
2016-11-23 16:18,2016-11-23 16:29,Business,Cary,Cary,1.9,
2016-11-23 16:49,2016-11-23 17:00,Business,Cary,Cary,3.3,
2016-11-23 18:37,2016-11-23 18:47,Business,Cary,Cary,1.3,
2016-11-25 11:47,2016-11-25 12:04,Business,Cary,Durham,10.3,Meeting
2016-11-25 13:13,2016-11-25 13:31,Business,Durham,Cary,11.1,Meeting
2016-11-26 15:54,2016-11-26 15:59,Business,Cary,Cary,1.4,
2016-11-26 17:00,2016-11-26 17:12,Business,Cary,Apex,5.1,Meeting
2016-11-26 17:36,2016-11-26 17:56,Business,Apex,Holly Springs,9,Meeting
2016-11-26 18:29,2016-11-26 19:04,Business,Holly Springs,Cary,13.3,Between Offices
2016-11-26 19:47,2016-11-26 19:54,Business,Cary,Cary,2.5,Errand/Supplies
2016-11-27 15:59,2016-11-27 16:06,Business,Cary,Morrisville,3.3,Meal/Entertain
2016-11-27 18:55,2016-11-27 19:09,Business,Morrisville,Cary,2.9,
2016-11-30 11:03,2016-11-30 11:34,Business,Cary,Raleigh,8.5,Customer Visit
2016-11-30 11:53,2016-11-30 12:35,Business,Raleigh,Morrisville,6.7,Temporary Site
2016-11-30 12:43,2016-11-30 12:53,Business,Morrisville,Cary,3.1,
2016-12-1 7:44,2016-12-1 7:59,Business,Cary,Cary,5.5,Meeting
2016-12-1 8:37,2016-12-1 8:53,Business,Cary,Cary,5.5,Errand/Supplies
2016-12-1 18:00,2016-12-1 18:12,Business,Cary,Morrisville,2.9,Meal/Entertain
2016-12-1 20:36,2016-12-1 20:46,Business,Morrisville,Cary,2.9,Customer Visit
2016-12-2 12:12,2016-12-2 12:23,Business,Cary,Apex,5.1,Meal/Entertain
2016-12-2 13:07,2016-12-2 13:22,Business,Apex,Cary,5.3,Customer Visit
2016-12-2 20:41,2016-12-2 20:48,Business,Cary,Morrisville,3.3,Meal/Entertain
2016-12-2 22:59,2016-12-2 23:07,Business,Morrisville,Cary,3,Customer Visit
2016-12-3 18:35,2016-12-3 18:56,Business,Cary,Wake Co.,6.6,Errand/Supplies
2016-12-3 19:08,2016-12-3 19:15,Business,Wake Co.,Morrisville,1.8,
2016-12-3 20:31,2016-12-3 20:41,Business,Morrisville,Cary,3,Customer Visit
2016-12-4 18:56,2016-12-4 19:03,Business,Cary,Morrisville,2.9,Meal/Entertain
2016-12-4 20:23,2016-12-4 20:34,Business,Morrisville,Cary,3.4,Customer Visit
2016-12-5 18:04,2016-12-5 18:17,Business,Cary,Cary,4.1,
2016-12-5 19:22,2016-12-5 19:37,Business,Cary,Cary,3.8,Meal/Entertain
2016-12-7 12:03,2016-12-7 12:32,Business,Cary,Cary,6.6,Meeting
2016-12-7 12:35,2016-12-7 12:46,Business,Cary,Cary,4,Meeting
2016-12-7 19:53,2016-12-7 20:13,Business,Cary,Cary,7,Customer Visit
2016-12-7 21:13,2016-12-7 21:50,Business,Cary,Cary,6.9,Meal/Entertain
2016-12-8 14:19,2016-12-8 14:32,Business,Cary,Cary,3.4,Errand/Supplies
2016-12-8 14:53,2016-12-8 15:02,Business,Cary,Cary,3.4,Errand/Supplies
2016-12-8 19:22,2016-12-8 19:27,Business,Cary,Cary,2,Meeting
2016-12-8 21:26,2016-12-8 21:31,Business,Cary,Cary,2,Errand/Supplies
2016-12-9 12:09,2016-12-9 12:24,Business,Cary,Apex,5.1,Errand/Supplies
2016-12-9 13:15,2016-12-9 13:43,Business,Apex,Cary,8.8,Temporary Site
2016-12-9 20:11,2016-12-9 20:34,Business,Cary,Cary,5.6,Meeting
2016-12-9 22:03,2016-12-9 22:57,Business,Cary,Cary,18.9,Customer Visit
2016-12-10 12:43,2016-12-10 13:16,Business,Cary,Fuquay-Varina,15.6,Meeting
2016-12-10 14:42,2016-12-10 15:18,Business,Fuquay-Varina,Cary,15.6,Errand/Supplies
2016-12-10 18:17,2016-12-10 18:27,Business,Cary,Morrisville,3,Meal/Entertain
2016-12-10 22:09,2016-12-10 22:21,Business,Morrisville,Cary,3.1,Customer Visit
2016-12-11 16:06,2016-12-11 16:16,Business,Cary,Morrisville,3,Meal/Entertain
2016-12-11 19:05,2016-12-11 19:15,Business,Morrisville,Cary,4.8,Errand/Supplies
2016-12-11 21:48,2016-12-11 21:56,Business,Cary,Cary,2.1,Errand/Supplies
2016-12-12 13:22,2016-12-12 13:32,Business,Cary,Cary,3.1,Errand/Supplies
2016-12-12 13:36,2016-12-12 13:51,Business,Cary,Apex,4.4,Meal/Entertain
2016-12-12 14:26,2016-12-12 14:39,Business,Apex,Cary,4.7,Customer Visit
2016-12-12 17:51,2016-12-12 18:01,Business,Cary,Morrisville,3,Meal/Entertain
2016-12-12 20:48,2016-12-12 20:57,Business,Morrisville,Cary,3,Customer Visit
2016-12-13 18:19,2016-12-13 18:29,Business,Cary,Cary,4.2,Errand/Supplies
2016-12-13 20:20,2016-12-13 20:29,Business,Cary,Cary,4.1,Meal/Entertain
2016-12-14 16:52,2016-12-14 17:10,Business,Cary,Cary,3.4,
2016-12-14 17:22,2016-12-14 17:34,Business,Cary,Cary,3.3,
2016-12-14 17:50,2016-12-14 18:00,Business,Cary,Morrisville,3,Meal/Entertain
2016-12-14 20:24,2016-12-14 20:40,Business,Morrisville,Cary,3.1,Customer Visit
2016-12-15 14:20,2016-12-15 14:54,Business,Cary,Morrisville,10.6,Meeting
2016-12-17 15:38,2016-12-17 16:12,Business,Unknown Location,Unknown Location,4.8,Airport/Travel
2016-12-17 17:19,2016-12-17 17:59,Business,Unknown Location,Unknown Location,5.3,Temporary Site
2016-12-18 13:03,2016-12-18 13:41,Business,Unknown Location,Unknown Location,4.9,Errand/Supplies
2016-12-18 16:38,2016-12-18 17:25,Business,Unknown Location,Unknown Location,10.2,Errand/Supplies
2016-12-18 20:35,2016-12-18 21:04,Business,Unknown Location,Unknown Location,9.2,
2016-12-19 9:08,2016-12-19 9:36,Business,Unknown Location,Islamabad,7.7,Errand/Supplies
2016-12-19 10:15,2016-12-19 10:34,Business,Islamabad,Rawalpindi,5.9,Temporary Site
2016-12-19 13:04,2016-12-19 13:08,Business,Rawalpindi,Unknown Location,0.7,Errand/Supplies
2016-12-19 13:24,2016-12-19 13:35,Business,Unknown Location,Unknown Location,1.3,
2016-12-19 14:07,2016-12-19 14:15,Business,Unknown Location,Unknown Location,2.5,
2016-12-19 14:18,2016-12-19 14:32,Business,Unknown Location,Unknown Location,5.3,
2016-12-19 14:37,2016-12-19 14:50,Business,Unknown Location,Unknown Location,5.4,
2016-12-19 15:09,2016-12-19 15:38,Business,Unknown Location,Rawalpindi,10.2,Customer Visit
2016-12-19 16:50,2016-12-19 17:09,Business,Rawalpindi,Islamabad,7.2,Customer Visit
2016-12-19 19:05,2016-12-19 19:17,Business,Islamabad,Unknown Location,2.2,
2016-12-19 19:55,2016-12-19 20:30,Business,Unknown Location,Unknown Location,11,Meeting
2016-12-20 8:49,2016-12-20 9:24,Business,Unknown Location,Rawalpindi,12,
2016-12-20 10:30,2016-12-20 10:48,Business,Rawalpindi,Rawalpindi,3.3,Errand/Supplies
2016-12-20 11:30,2016-12-20 12:17,Business,Rawalpindi,Unknown Location,19.4,Meeting
2016-12-20 13:14,2016-12-20 13:20,Business,Unknown Location,Unknown Location,1.7,Errand/Supplies
2016-12-20 13:54,2016-12-20 14:17,Business,Unknown Location,Islamabad,5.7,Temporary Site
2016-12-20 16:14,2016-12-20 16:24,Business,Islamabad,Islamabad,1.8,Errand/Supplies
2016-12-20 16:56,2016-12-20 17:07,Business,Islamabad,Islamabad,1.4,Errand/Supplies
2016-12-20 18:47,2016-12-20 19:21,Business,Islamabad,Unknown Location,10.3,Customer Visit
2016-12-21 7:42,2016-12-21 8:10,Business,Unknown Location,Unknown Location,11.5,Meeting
2016-12-21 10:14,2016-12-21 10:30,Business,Unknown Location,Islamabad,4.9,Errand/Supplies
2016-12-21 11:35,2016-12-21 11:49,Business,Islamabad,Unknown Location,3.5,Meal/Entertain
2016-12-21 12:51,2016-12-21 13:33,Business,Unknown Location,Unknown Location,16.2,Meeting
2016-12-21 15:38,2016-12-21 15:49,Business,Unknown Location,Unknown Location,2,Errand/Supplies
2016-12-21 15:55,2016-12-21 16:05,Business,Unknown Location,Islamabad,2.1,Errand/Supplies
2016-12-21 17:45,2016-12-21 17:54,Business,Islamabad,Islamabad,2.1,Meeting
2016-12-21 17:59,2016-12-21 18:31,Business,Islamabad,Unknown Location,7.2,Customer Visit
2016-12-21 19:49,2016-12-21 20:35,Business,Unknown Location,Rawalpindi,12,Meeting
2016-12-21 20:56,2016-12-21 23:42,Business,Rawalpindi,Unknown Location,103,Meeting
2016-12-22 15:40,2016-12-22 16:38,Business,Unknown Location,Unknown Location,32.3,Meeting
2016-12-22 17:04,2016-12-22 17:20,Business,Unknown Location,Unknown Location,5.3,Customer Visit
2016-12-22 17:27,2016-12-22 17:53,Business,Unknown Location,Unknown Location,11.6,Meeting
2016-12-22 17:56,2016-12-22 18:29,Business,Unknown Location,Unknown Location,23.2,Meeting
2016-12-22 18:31,2016-12-22 18:37,Business,Unknown Location,Unknown Location,3.2,Errand/Supplies
2016-12-22 18:38,2016-12-22 18:47,Business,Unknown Location,Unknown Location,12.3,Temporary Site
2016-12-22 19:04,2016-12-22 19:50,Business,Unknown Location,Lahore,14,Meeting
2016-12-22 21:41,2016-12-22 21:53,Business,Lahore,Lahore,2.1,Meal/Entertain
2016-12-22 23:27,2016-12-22 23:32,Business,Lahore,Lahore,2.1,Customer Visit
2016-12-23 9:21,2016-12-23 9:41,Business,Lahore,Lahore,3,Meeting
2016-12-23 11:33,2016-12-23 11:58,Business,Lahore,Unknown Location,6.2,Meeting
2016-12-23 14:15,2016-12-23 15:25,Business,Unknown Location,Unknown Location,9.6,Meeting
2016-12-23 16:23,2016-12-23 16:34,Business,Unknown Location,Unknown Location,1.3,Errand/Supplies
2016-12-23 17:34,2016-12-23 18:27,Business,Unknown Location,Lahore,7.1,Meal/Entertain
2016-12-24 7:43,2016-12-24 8:04,Business,Lahore,Unknown Location,6.3,Meal/Entertain
2016-12-24 9:19,2016-12-24 9:55,Business,Unknown Location,Lahore,10.7,Meal/Entertain
2016-12-24 10:34,2016-12-24 10:53,Business,Lahore,Lahore,5.3,Meal/Entertain
2016-12-24 12:51,2016-12-24 12:53,Business,Lahore,Lahore,1.6,Errand/Supplies
2016-12-24 13:08,2016-12-24 13:29,Business,Lahore,Lahore,3.6,Errand/Supplies
2016-12-24 17:12,2016-12-24 17:27,Business,Lahore,Lahore,1.7,Errand/Supplies
2016-12-24 19:12,2016-12-24 19:27,Business,Lahore,Lahore,2.9,Meal/Entertain
2016-12-24 22:04,2016-12-24 22:09,Business,Lahore,Lahore,0.6,Errand/Supplies
2016-12-25 0:10,2016-12-25 0:14,Business,Lahore,Lahore,0.6,Errand/Supplies
2016-12-25 19:15,2016-12-25 19:26,Business,Lahore,Lahore,2.3,Meal/Entertain
2016-12-25 21:58,2016-12-25 22:04,Business,Lahore,Lahore,2.3,Meal/Entertain
2016-12-26 8:30,2016-12-26 8:41,Business,Lahore,Lahore,3.2,Meal/Entertain
2016-12-26 9:05,2016-12-26 9:19,Business,Lahore,Lahore,6.2,Customer Visit
2016-12-26 10:15,2016-12-26 10:36,Business,Lahore,Lahore,7.7,Customer Visit
2016-12-26 11:29,2016-12-26 11:42,Business,Lahore,Lahore,3.8,Customer Visit
2016-12-26 13:09,2016-12-26 13:43,Business,Lahore,Unknown Location,7.9,Meeting
2016-12-27 7:02,2016-12-27 7:14,Business,Kar?chi,Kar?chi,4.9,Temporary Site
2016-12-27 8:37,2016-12-27 8:59,Business,Kar?chi,Kar?chi,5,Meal/Entertain
2016-12-27 12:53,2016-12-27 12:57,Business,Kar?chi,Kar?chi,0.6,Meal/Entertain
2016-12-27 14:49,2016-12-27 15:03,Business,Kar?chi,Unknown Location,3.1,Customer Visit
2016-12-27 16:34,2016-12-27 16:58,Business,Unknown Location,Kar?chi,7.9,Meeting
2016-12-27 19:19,2016-12-27 19:50,Business,Kar?chi,Kar?chi,5.5,Customer Visit
2016-12-28 8:34,2016-12-28 9:06,Business,Kar?chi,Unknown Location,10.3,Meal/Entertain
2016-12-28 11:42,2016-12-28 12:12,Business,Unknown Location,Kar?chi,10.4,Errand/Supplies
2016-12-28 13:53,2016-12-28 14:01,Business,Kar?chi,Kar?chi,2,Errand/Supplies
2016-12-28 15:04,2016-12-28 15:39,Business,Kar?chi,Unknown Location,8.5,Meal/Entertain
2016-12-28 17:02,2016-12-28 17:16,Business,Unknown Location,Kar?chi,4.4,Errand/Supplies
2016-12-28 18:33,2016-12-28 18:56,Business,Kar?chi,Kar?chi,3.8,Errand/Supplies
2016-12-28 22:44,2016-12-28 23:18,Business,Kar?chi,Kar?chi,5.1,Errand/Supplies
2016-12-29 0:49,2016-12-29 1:06,Business,Kar?chi,Kar?chi,3.8,Errand/Supplies
2016-12-29 9:44,2016-12-29 10:07,Business,Kar?chi,Unknown Location,11.6,Meal/Entertain
2016-12-29 11:28,2016-12-29 12:00,Business,Unknown Location,Kar?chi,11.9,Meal/Entertain
2016-12-29 12:25,2016-12-29 12:33,Business,Kar?chi,Kar?chi,1.4,Errand/Supplies
2016-12-29 13:17,2016-12-29 13:24,Business,Kar?chi,Kar?chi,1.1,Errand/Supplies
2016-12-29 13:56,2016-12-29 14:11,Business,Kar?chi,Kar?chi,4.1,Airport/Travel
2016-12-29 14:42,2016-12-29 14:58,Business,Kar?chi,Kar?chi,6.1,Between Offices
2016-12-29 15:05,2016-12-29 15:16,Business,Kar?chi,Kar?chi,1.3,Errand/Supplies
2016-12-29 18:59,2016-12-29 19:14,Business,Kar?chi,Unknown Location,3,Meal/Entertain
2016-12-29 19:50,2016-12-29 20:10,Business,Unknown Location,Kar?chi,4.1,Customer Visit
2016-12-29 20:15,2016-12-29 20:45,Business,Kar?chi,Kar?chi,7.2,Meeting
2016-12-29 20:53,2016-12-29 21:42,Business,Kar?chi,Unknown Location,6.4,
2016-12-29 23:14,2016-12-29 23:47,Business,Unknown Location,Kar?chi,12.9,Meeting
2016-12-30 10:15,2016-12-30 10:33,Business,Kar?chi,Kar?chi,2.8,Errand/Supplies
2016-12-30 11:31,2016-12-30 11:56,Business,Kar?chi,Kar?chi,2.9,Errand/Supplies
2016-12-30 15:41,2016-12-30 16:03,Business,Kar?chi,Kar?chi,4.6,Errand/Supplies
2016-12-30 16:45,2016-12-30 17:08,Business,Kar?chi,Kar?chi,4.6,Meeting
2016-12-30 23:06,2016-12-30 23:10,Business,Kar?chi,Kar?chi,0.8,Customer Visit
2016-12-31 1:07,2016-12-31 1:14,Business,Kar?chi,Kar?chi,0.7,Meeting
2016-12-31 13:24,2016-12-31 13:42,Business,Kar?chi,Unknown Location,3.9,Temporary Site
2016-12-31 15:03,2016-12-31 15:38,Business,Unknown Location,Unknown Location,16.2,Meeting
2016-12-31 21:32,2016-12-31 21:50,Business,Katunayake,Gampaha,6.4,Temporary Site
2016-12-31 22:08,2016-12-31 23:51,Business,Gampaha,Ilukwatta,48.2,Temporary Site
Totals,,,,,12204.7,
